sample,taxon,lineage,conflict,ambiguity_score,scorpio_call,scorpio_support,scorpio_conflict,version,pangolin_version,pangoLEARN_version,pango_version,status,note
U2944,Consensus_U2944.consensus_threshold_0.75_quality_20,B.1.617.2,0.0,0.9999595632834614,Delta (B.1.617.2-like),0.923100,0.000000,PLEARN-v1.2.36,3.1.7,2021-07-09,v1.2.36,passed_qc,scorpio call: Alt alleles 12; Ref alleles 0; Amb alleles 1; Oth alleles 0
U2945,Consensus_U2945.consensus_threshold_0.75_quality_20,B.1.617.2,0.0,0.9988665344290167,Delta (B.1.617.2-like),0.846200,0.076900,PLEARN-v1.2.36,3.1.7,2021-07-09,v1.2.36,passed_qc,scorpio call: Alt alleles 11; Ref alleles 1; Amb alleles 1; Oth alleles 0
U2946,Consensus_U2946.consensus_threshold_0.75_quality_20,B.1.617.2,0.0,0.9950832994717594,Delta (B.1.617.2-like),0.769200,0.076900,PLEARN-v1.2.36,3.1.7,2021-07-09,v1.2.36,passed_qc,scorpio call: Alt alleles 10; Ref alleles 1; Amb alleles 2; Oth alleles 0
U2947,Consensus_U2947.consensus_threshold_0.75_quality_20,B.1.617.2,0.0,0.9999191232965344,Delta (B.1.617.2-like),0.923100,0.000000,PLEARN-v1.2.36,3.1.7,2021-07-09,v1.2.36,passed_qc,scorpio call: Alt alleles 12; Ref alleles 0; Amb alleles 1; Oth alleles 0
U2948,Consensus_U2948.consensus_threshold_0.75_quality_20,B.1.617.2,0.0,0.9999595632834614,Delta (B.1.617.2-like),0.923100,0.000000,PLEARN-v1.2.36,3.1.7,2021-07-09,v1.2.36,passed_qc,scorpio call: Alt alleles 12; Ref alleles 0; Amb alleles 1; Oth alleles 0
U2949,Consensus_U2949.consensus_threshold_0.75_quality_20,B.1.617.2,0.0,0.9999191232965344,Delta (B.1.617.2-like),0.846200,0.000000,PLEARN-v1.2.36,3.1.7,2021-07-09,v1.2.36,passed_qc,scorpio call: Alt alleles 11; Ref alleles 0; Amb alleles 1; Oth alleles 1
U2950,Consensus_U2950.consensus_threshold_0.75_quality_20,B.1.617.2,0.0,0.9999595632834614,Delta (B.1.617.2-like),0.923100,0.000000,PLEARN-v1.2.36,3.1.7,2021-07-09,v1.2.36,passed_qc,scorpio call: Alt alleles 12; Ref alleles 0; Amb alleles 1; Oth alleles 0
U2951,Consensus_U2951.consensus_threshold_0.75_quality_20,B.1.617.2,0.0,0.9999595632834614,Delta (B.1.617.2-like),0.923100,0.000000,PLEARN-v1.2.36,3.1.7,2021-07-09,v1.2.36,passed_qc,scorpio call: Alt alleles 12; Ref alleles 0; Amb alleles 1; Oth alleles 0; scorpio replaced lineage assignment AY.1
U2952,Consensus_U2952.consensus_threshold_0.75_quality_20,B.1.617.2,0.0,0.9999191232965344,Delta (B.1.617.2-like),0.923100,0.076900,PLEARN-v1.2.36,3.1.7,2021-07-09,v1.2.36,passed_qc,scorpio call: Alt alleles 12; Ref alleles 1; Amb alleles 0; Oth alleles 0
U2953,Consensus_U2953.consensus_threshold_0.75_quality_20,B.1.617.2,0.0,0.9999595632834614,Delta (B.1.617.2-like),0.923100,0.000000,PLEARN-v1.2.36,3.1.7,2021-07-09,v1.2.36,passed_qc,scorpio call: Alt alleles 12; Ref alleles 0; Amb alleles 1; Oth alleles 0
U2954,Consensus_U2954.consensus_threshold_0.75_quality_20,B.1.617.2,0.0,0.9999595632834614,Delta (B.1.617.2-like),0.923100,0.000000,PLEARN-v1.2.36,3.1.7,2021-07-09,v1.2.36,passed_qc,scorpio call: Alt alleles 12; Ref alleles 0; Amb alleles 1; Oth alleles 0
U2955,Consensus_U2955.consensus_threshold_0.75_quality_20,B.1.617.2,0.0,0.9999595632834614,Delta (B.1.617.2-like),0.923100,0.000000,PLEARN-v1.2.36,3.1.7,2021-07-09,v1.2.36,passed_qc,scorpio call: Alt alleles 12; Ref alleles 0; Amb alleles 1; Oth alleles 0
U2956,Consensus_U2956.consensus_threshold_0.75_quality_20,B.1.617.2,0.0,0.9999191232965344,Delta (B.1.617.2-like),0.923100,0.000000,PLEARN-v1.2.36,3.1.7,2021-07-09,v1.2.36,passed_qc,scorpio call: Alt alleles 12; Ref alleles 0; Amb alleles 1; Oth alleles 0
U2957,Consensus_U2957.consensus_threshold_0.75_quality_20,B.1.617.2,0.0,0.9999595632834614,Delta (B.1.617.2-like),0.923100,0.000000,PLEARN-v1.2.36,3.1.7,2021-07-09,v1.2.36,passed_qc,scorpio call: Alt alleles 12; Ref alleles 0; Amb alleles 1; Oth alleles 0
U2958,Consensus_U2958.consensus_threshold_0.75_quality_20,B.1.617.2,0.0,0.9999595632834614,Delta (B.1.617.2-like),0.923100,0.000000,PLEARN-v1.2.36,3.1.7,2021-07-09,v1.2.36,passed_qc,scorpio call: Alt alleles 12; Ref alleles 0; Amb alleles 1; Oth alleles 0
U2959,Consensus_U2959.consensus_threshold_0.75_quality_20,B.1.617.2,0.0,0.9999595632834614,Delta (B.1.617.2-like),0.923100,0.000000,PLEARN-v1.2.36,3.1.7,2021-07-09,v1.2.36,passed_qc,scorpio call: Alt alleles 12; Ref alleles 0; Amb alleles 1; Oth alleles 0
U2960,Consensus_U2960.consensus_threshold_0.75_quality_20,B.1.617.2,0.0,0.9999595632834614,Delta (B.1.617.2-like),0.923100,0.000000,PLEARN-v1.2.36,3.1.7,2021-07-09,v1.2.36,passed_qc,scorpio call: Alt alleles 12; Ref alleles 0; Amb alleles 1; Oth alleles 0
U2961,Consensus_U2961.consensus_threshold_0.75_quality_20,B.1.1.7,0.0,1.0,Alpha (B.1.1.7-like),0.956500,0.043500,PLEARN-v1.2.36,3.1.7,2021-07-09,v1.2.36,passed_qc,scorpio call: Alt alleles 22; Ref alleles 1; Amb alleles 0; Oth alleles 0
U2962,Consensus_U2962.consensus_threshold_0.75_quality_20,B.1.617.2,0.0,0.9998786800388224,Delta (B.1.617.2-like),0.846200,0.000000,PLEARN-v1.2.36,3.1.7,2021-07-09,v1.2.36,passed_qc,scorpio call: Alt alleles 11; Ref alleles 0; Amb alleles 1; Oth alleles 1
U2963,Consensus_U2963.consensus_threshold_0.75_quality_20,B.1.617.2,0.0,0.9999191232965344,Delta (B.1.617.2-like),0.846200,0.000000,PLEARN-v1.2.36,3.1.7,2021-07-09,v1.2.36,passed_qc,scorpio call: Alt alleles 11; Ref alleles 0; Amb alleles 1; Oth alleles 1
U2964,Consensus_U2964.consensus_threshold_0.75_quality_20,B.1.617.2,0.0,0.9998786800388224,Delta (B.1.617.2-like),0.846200,0.000000,PLEARN-v1.2.36,3.1.7,2021-07-09,v1.2.36,passed_qc,scorpio call: Alt alleles 11; Ref alleles 0; Amb alleles 1; Oth alleles 1
U2965,Consensus_U2965.consensus_threshold_0.75_quality_20,B.1.617.2,0.0,0.9999595632834614,Delta (B.1.617.2-like),0.923100,0.000000,PLEARN-v1.2.36,3.1.7,2021-07-09,v1.2.36,passed_qc,scorpio call: Alt alleles 12; Ref alleles 0; Amb alleles 1; Oth alleles 0; scorpio replaced lineage assignment AY.1
U2966,Consensus_U2966.consensus_threshold_0.75_quality_20,B.1.617.2,0.0,1.0,Delta (B.1.617.2-like),0.923100,0.076900,PLEARN-v1.2.36,3.1.7,2021-07-09,v1.2.36,passed_qc,scorpio call: Alt alleles 12; Ref alleles 1; Amb alleles 0; Oth alleles 0; scorpio replaced lineage assignment AY.1
U2967,Consensus_U2967.consensus_threshold_0.75_quality_20,B.1.617.2,0.0,0.9999595632834614,Delta (B.1.617.2-like),0.923100,0.000000,PLEARN-v1.2.36,3.1.7,2021-07-09,v1.2.36,passed_qc,scorpio call: Alt alleles 12; Ref alleles 0; Amb alleles 1; Oth alleles 0
U2968,Consensus_U2968.consensus_threshold_0.75_quality_20,B.1.617.2,0.0,0.9999595632834614,Delta (B.1.617.2-like),0.923100,0.000000,PLEARN-v1.2.36,3.1.7,2021-07-09,v1.2.36,passed_qc,scorpio call: Alt alleles 12; Ref alleles 0; Amb alleles 1; Oth alleles 0
U2969,Consensus_U2969.consensus_threshold_0.75_quality_20,B.1.617.2,0.0,0.9974460839954598,Delta (B.1.617.2-like),0.846200,0.000000,PLEARN-v1.2.36,3.1.7,2021-07-09,v1.2.36,passed_qc,scorpio call: Alt alleles 11; Ref alleles 0; Amb alleles 2; Oth alleles 0
U2970,Consensus_U2970.consensus_threshold_0.75_quality_20,B.1.617.2,0.0,0.8889437980142864,Delta (B.1.617.2-like),0.692300,0.000000,PLEARN-v1.2.36,3.1.7,2021-07-09,v1.2.36,passed_qc,scorpio call: Alt alleles 9; Ref alleles 0; Amb alleles 3; Oth alleles 1
U2971,Consensus_U2971.consensus_threshold_0.75_quality_20,B.1.617.2,0.0,0.9750507687844503,Delta (B.1.617.2-like),0.769200,0.076900,PLEARN-v1.2.36,3.1.7,2021-07-09,v1.2.36,passed_qc,scorpio call: Alt alleles 10; Ref alleles 1; Amb alleles 2; Oth alleles 0
U2972,Consensus_U2972.consensus_threshold_0.75_quality_20,B.1.617.2,0.0,0.9310598201936376,Delta (B.1.617.2-like),0.769200,0.000000,PLEARN-v1.2.36,3.1.7,2021-07-09,v1.2.36,passed_qc,scorpio call: Alt alleles 10; Ref alleles 0; Amb alleles 3; Oth alleles 0
U2973,Consensus_U2973.consensus_threshold_0.75_quality_20,B.1.617.2,0.0,0.9998382335099284,Delta (B.1.617.2-like),0.846200,0.000000,PLEARN-v1.2.36,3.1.7,2021-07-09,v1.2.36,passed_qc,scorpio call: Alt alleles 11; Ref alleles 0; Amb alleles 1; Oth alleles 1
U2974,Consensus_U2974.consensus_threshold_0.75_quality_20,B.1.617.2,0.0,0.9999595632834614,Delta (B.1.617.2-like),0.923100,0.000000,PLEARN-v1.2.36,3.1.7,2021-07-09,v1.2.36,passed_qc,scorpio call: Alt alleles 12; Ref alleles 0; Amb alleles 1; Oth alleles 0
U2975,Consensus_U2975.consensus_threshold_0.75_quality_20,B.1.617.2,0.0,0.9999595632834614,Delta (B.1.617.2-like),0.923100,0.000000,PLEARN-v1.2.36,3.1.7,2021-07-09,v1.2.36,passed_qc,scorpio call: Alt alleles 12; Ref alleles 0; Amb alleles 1; Oth alleles 0
U2976,Consensus_U2976.consensus_threshold_0.75_quality_20,B.1.1.7,0.0,1.0,Alpha (B.1.1.7-like),0.956500,0.043500,PLEARN-v1.2.36,3.1.7,2021-07-09,v1.2.36,passed_qc,scorpio call: Alt alleles 22; Ref alleles 1; Amb alleles 0; Oth alleles 0
U2977,Consensus_U2977.consensus_threshold_0.75_quality_20,B.1.617.2,0.0,0.9999595632834614,Delta (B.1.617.2-like),0.923100,0.000000,PLEARN-v1.2.36,3.1.7,2021-07-09,v1.2.36,passed_qc,scorpio call: Alt alleles 12; Ref alleles 0; Amb alleles 1; Oth alleles 0; scorpio replaced lineage assignment AY.1
U2978,Consensus_U2978.consensus_threshold_0.75_quality_20,B.1.617.2,0.0,0.9999595632834614,Delta (B.1.617.2-like),0.923100,0.000000,PLEARN-v1.2.36,3.1.7,2021-07-09,v1.2.36,passed_qc,scorpio call: Alt alleles 12; Ref alleles 0; Amb alleles 1; Oth alleles 0
U2979,Consensus_U2979.consensus_threshold_0.75_quality_20,B.1.617.2,0.0,0.9999595632834614,Delta (B.1.617.2-like),0.923100,0.000000,PLEARN-v1.2.36,3.1.7,2021-07-09,v1.2.36,passed_qc,scorpio call: Alt alleles 12; Ref alleles 0; Amb alleles 1; Oth alleles 0
U2980,Consensus_U2980.consensus_threshold_0.75_quality_20,B.1.617.2,0.0,0.9999191232965344,Delta (B.1.617.2-like),0.846200,0.000000,PLEARN-v1.2.36,3.1.7,2021-07-09,v1.2.36,passed_qc,scorpio call: Alt alleles 11; Ref alleles 0; Amb alleles 1; Oth alleles 1
U2981,Consensus_U2981.consensus_threshold_0.75_quality_20,B.1.617.2,0.0,0.9999595632834614,Delta (B.1.617.2-like),0.923100,0.000000,PLEARN-v1.2.36,3.1.7,2021-07-09,v1.2.36,passed_qc,scorpio call: Alt alleles 12; Ref alleles 0; Amb alleles 1; Oth alleles 0
U2982,Consensus_U2982.consensus_threshold_0.75_quality_20,B.1.617.2,0.0,0.9999595632834614,Delta (B.1.617.2-like),0.923100,0.000000,PLEARN-v1.2.36,3.1.7,2021-07-09,v1.2.36,passed_qc,scorpio call: Alt alleles 12; Ref alleles 0; Amb alleles 1; Oth alleles 0
U2983,Consensus_U2983.consensus_threshold_0.75_quality_20,B.1.617.2,0.0,0.9999595632834614,Delta (B.1.617.2-like),0.923100,0.000000,PLEARN-v1.2.36,3.1.7,2021-07-09,v1.2.36,passed_qc,scorpio call: Alt alleles 12; Ref alleles 0; Amb alleles 1; Oth alleles 0
U2984,Consensus_U2984.consensus_threshold_0.75_quality_20,B.1.617.2,0.0,0.9999595632834614,Delta (B.1.617.2-like),0.923100,0.000000,PLEARN-v1.2.36,3.1.7,2021-07-09,v1.2.36,passed_qc,scorpio call: Alt alleles 12; Ref alleles 0; Amb alleles 1; Oth alleles 0
U2985,Consensus_U2985.consensus_threshold_0.75_quality_20,B.1.617.2,0.0,0.9999595632834614,Delta (B.1.617.2-like),0.923100,0.000000,PLEARN-v1.2.36,3.1.7,2021-07-09,v1.2.36,passed_qc,scorpio call: Alt alleles 12; Ref alleles 0; Amb alleles 1; Oth alleles 0
U2986,Consensus_U2986.consensus_threshold_0.75_quality_20,B.1.617.2,0.0,0.9999595632834614,Delta (B.1.617.2-like),0.923100,0.000000,PLEARN-v1.2.36,3.1.7,2021-07-09,v1.2.36,passed_qc,scorpio call: Alt alleles 12; Ref alleles 0; Amb alleles 1; Oth alleles 0
U2987,Consensus_U2987.consensus_threshold_0.75_quality_20,B.1.617.2,0.0,0.9999595632834614,Delta (B.1.617.2-like),0.923100,0.000000,PLEARN-v1.2.36,3.1.7,2021-07-09,v1.2.36,passed_qc,scorpio call: Alt alleles 12; Ref alleles 0; Amb alleles 1; Oth alleles 0
U2988,Consensus_U2988.consensus_threshold_0.75_quality_20,B.1.617.2,0.0,0.9997573306370071,Delta (B.1.617.2-like),0.923100,0.076900,PLEARN-v1.2.36,3.1.7,2021-07-09,v1.2.36,passed_qc,scorpio call: Alt alleles 12; Ref alleles 1; Amb alleles 0; Oth alleles 0
U2989,Consensus_U2989.consensus_threshold_0.75_quality_20,P.1.1,0.0,1.0,Gamma (P.1-like),0.875000,0.000000,PLEARN-v1.2.36,3.1.7,2021-07-09,v1.2.36,passed_qc,scorpio call: Alt alleles 14; Ref alleles 0; Amb alleles 0; Oth alleles 2
U2990,Consensus_U2990.consensus_threshold_0.75_quality_20,B.1.617.2,0.0,0.9999595632834614,Delta (B.1.617.2-like),0.923100,0.000000,PLEARN-v1.2.36,3.1.7,2021-07-09,v1.2.36,passed_qc,scorpio call: Alt alleles 12; Ref alleles 0; Amb alleles 1; Oth alleles 0
U2991,Consensus_U2991.consensus_threshold_0.75_quality_20,B.1.617.2,0.0,0.9999595632834614,Delta (B.1.617.2-like),0.923100,0.000000,PLEARN-v1.2.36,3.1.7,2021-07-09,v1.2.36,passed_qc,scorpio call: Alt alleles 12; Ref alleles 0; Amb alleles 1; Oth alleles 0
U2992,Consensus_U2992.consensus_threshold_0.75_quality_20,B.1.617.2,0.0,0.9999595632834614,Delta (B.1.617.2-like),0.923100,0.000000,PLEARN-v1.2.36,3.1.7,2021-07-09,v1.2.36,passed_qc,scorpio call: Alt alleles 12; Ref alleles 0; Amb alleles 1; Oth alleles 0
U2993,Consensus_U2993.consensus_threshold_0.75_quality_20,B.1.617.2,0.0,0.9999191232965344,Delta (B.1.617.2-like),0.846200,0.000000,PLEARN-v1.2.36,3.1.7,2021-07-09,v1.2.36,passed_qc,scorpio call: Alt alleles 11; Ref alleles 0; Amb alleles 1; Oth alleles 1
U2994,Consensus_U2994.consensus_threshold_0.75_quality_20,B.1.617.2,0.0,0.5527270599250936,Delta (B.1.617.2-like),0.461500,0.076900,PLEARN-v1.2.36,3.1.7,2021-07-09,v1.2.36,passed_qc,scorpio call: Alt alleles 6; Ref alleles 1; Amb alleles 6; Oth alleles 0; scorpio replaced lineage assignment B.1.620
U2995,Consensus_U2995.consensus_threshold_0.75_quality_20,B.1.617.2,0.0,0.9998786800388224,Delta (B.1.617.2-like),0.923100,0.000000,PLEARN-v1.2.36,3.1.7,2021-07-09,v1.2.36,passed_qc,scorpio call: Alt alleles 12; Ref alleles 0; Amb alleles 1; Oth alleles 0; scorpio replaced lineage assignment AY.1
U2996,Consensus_U2996.consensus_threshold_0.75_quality_20,B.1.617.2,0.0,0.9999595632834614,Delta (B.1.617.2-like),0.923100,0.000000,PLEARN-v1.2.36,3.1.7,2021-07-09,v1.2.36,passed_qc,scorpio call: Alt alleles 12; Ref alleles 0; Amb alleles 1; Oth alleles 0
U2997,Consensus_U2997.consensus_threshold_0.75_quality_20,B.1.617.2,0.0,0.9999191232965344,Delta (B.1.617.2-like),0.923100,0.000000,PLEARN-v1.2.36,3.1.7,2021-07-09,v1.2.36,passed_qc,scorpio call: Alt alleles 12; Ref alleles 0; Amb alleles 1; Oth alleles 0
U2998,Consensus_U2998.consensus_threshold_0.75_quality_20,B.1.1.7,0.0,1.0,Alpha (B.1.1.7-like),0.956500,0.043500,PLEARN-v1.2.36,3.1.7,2021-07-09,v1.2.36,passed_qc,scorpio call: Alt alleles 22; Ref alleles 1; Amb alleles 0; Oth alleles 0
U2999,Consensus_U2999.consensus_threshold_0.75_quality_20,B.1.617.2,0.0,0.9559692671394799,Delta (B.1.617.2-like),0.769200,0.000000,PLEARN-v1.2.36,3.1.7,2021-07-09,v1.2.36,passed_qc,scorpio call: Alt alleles 10; Ref alleles 0; Amb alleles 3; Oth alleles 0
U3000,Consensus_U3000.consensus_threshold_0.75_quality_20,B.1.617.2,0.0,0.9999595632834614,Delta (B.1.617.2-like),0.923100,0.000000,PLEARN-v1.2.36,3.1.7,2021-07-09,v1.2.36,passed_qc,scorpio call: Alt alleles 12; Ref alleles 0; Amb alleles 1; Oth alleles 0
U3001,Consensus_U3001.consensus_threshold_0.75_quality_20,B.1.1.7,0.0,0.9999595632834614,Alpha (B.1.1.7-like),0.956500,0.043500,PLEARN-v1.2.36,3.1.7,2021-07-09,v1.2.36,passed_qc,scorpio call: Alt alleles 22; Ref alleles 1; Amb alleles 0; Oth alleles 0
U3002,Consensus_U3002.consensus_threshold_0.75_quality_20,B.1.617.2,0.0,0.9999595632834614,Delta (B.1.617.2-like),0.923100,0.000000,PLEARN-v1.2.36,3.1.7,2021-07-09,v1.2.36,passed_qc,scorpio call: Alt alleles 12; Ref alleles 0; Amb alleles 1; Oth alleles 0
U3003,Consensus_U3003.consensus_threshold_0.75_quality_20,None,,,,,,PANGO-v1.2.36,3.1.7,2021-07-09,v1.2.36,fail,N_content:0.33
U3004,Consensus_U3004.consensus_threshold_0.75_quality_20,B.1.617.2,0.0,0.9999595632834614,Delta (B.1.617.2-like),0.923100,0.000000,PLEARN-v1.2.36,3.1.7,2021-07-09,v1.2.36,passed_qc,scorpio call: Alt alleles 12; Ref alleles 0; Amb alleles 1; Oth alleles 0
U3005,Consensus_U3005.consensus_threshold_0.75_quality_20,B.1.617.2,0.0,0.9999595632834614,Delta (B.1.617.2-like),0.923100,0.000000,PLEARN-v1.2.36,3.1.7,2021-07-09,v1.2.36,passed_qc,scorpio call: Alt alleles 12; Ref alleles 0; Amb alleles 1; Oth alleles 0
U3006,Consensus_U3006.consensus_threshold_0.75_quality_20,B.1.617.2,0.0,0.9999191232965344,Delta (B.1.617.2-like),0.923100,0.000000,PLEARN-v1.2.36,3.1.7,2021-07-09,v1.2.36,passed_qc,scorpio call: Alt alleles 12; Ref alleles 0; Amb alleles 1; Oth alleles 0; scorpio replaced lineage assignment AY.1
U3007,Consensus_U3007.consensus_threshold_0.75_quality_20,B.1.617.2,0.0,0.9999595632834614,Delta (B.1.617.2-like),0.923100,0.000000,PLEARN-v1.2.36,3.1.7,2021-07-09,v1.2.36,passed_qc,scorpio call: Alt alleles 12; Ref alleles 0; Amb alleles 1; Oth alleles 0
U3008,Consensus_U3008.consensus_threshold_0.75_quality_20,B.1.617.2,0.0,0.9998786800388224,Delta (B.1.617.2-like),0.846200,0.000000,PLEARN-v1.2.36,3.1.7,2021-07-09,v1.2.36,passed_qc,scorpio call: Alt alleles 11; Ref alleles 0; Amb alleles 1; Oth alleles 1
U3009,Consensus_U3009.consensus_threshold_0.75_quality_20,B.1.617.2,0.0,0.9999595632834614,Delta (B.1.617.2-like),0.923100,0.000000,PLEARN-v1.2.36,3.1.7,2021-07-09,v1.2.36,passed_qc,scorpio call: Alt alleles 12; Ref alleles 0; Amb alleles 1; Oth alleles 0
U3010,Consensus_U3010.consensus_threshold_0.75_quality_20,B.1.617.2,0.0,0.9999595632834614,Delta (B.1.617.2-like),0.923100,0.000000,PLEARN-v1.2.36,3.1.7,2021-07-09,v1.2.36,passed_qc,scorpio call: Alt alleles 12; Ref alleles 0; Amb alleles 1; Oth alleles 0
U3011,Consensus_U3011.consensus_threshold_0.75_quality_20,B.1.617.2,0.0,0.9999595632834614,Delta (B.1.617.2-like),0.923100,0.000000,PLEARN-v1.2.36,3.1.7,2021-07-09,v1.2.36,passed_qc,scorpio call: Alt alleles 12; Ref alleles 0; Amb alleles 1; Oth alleles 0
U3012,Consensus_U3012.consensus_threshold_0.75_quality_20,B.1.617.2,0.0,0.9999595632834614,Delta (B.1.617.2-like),0.923100,0.000000,PLEARN-v1.2.36,3.1.7,2021-07-09,v1.2.36,passed_qc,scorpio call: Alt alleles 12; Ref alleles 0; Amb alleles 1; Oth alleles 0
U3013,Consensus_U3013.consensus_threshold_0.75_quality_20,B.1.617.2,0.0,0.9999595632834614,Delta (B.1.617.2-like),0.923100,0.000000,PLEARN-v1.2.36,3.1.7,2021-07-09,v1.2.36,passed_qc,scorpio call: Alt alleles 12; Ref alleles 0; Amb alleles 1; Oth alleles 0
U3014,Consensus_U3014.consensus_threshold_0.75_quality_20,B.1.617.2,0.0,0.9987449392712551,Delta (B.1.617.2-like),0.846200,0.000000,PLEARN-v1.2.36,3.1.7,2021-07-09,v1.2.36,passed_qc,scorpio call: Alt alleles 11; Ref alleles 0; Amb alleles 2; Oth alleles 0
U3015,Consensus_U3015.consensus_threshold_0.75_quality_20,B.1.617.2,0.0,0.9999595632834614,Delta (B.1.617.2-like),0.923100,0.000000,PLEARN-v1.2.36,3.1.7,2021-07-09,v1.2.36,passed_qc,scorpio call: Alt alleles 12; Ref alleles 0; Amb alleles 1; Oth alleles 0
U3016,Consensus_U3016.consensus_threshold_0.75_quality_20,P.1.2,0.0,1.0,Gamma (P.1-like),0.875000,0.000000,PLEARN-v1.2.36,3.1.7,2021-07-09,v1.2.36,passed_qc,scorpio call: Alt alleles 14; Ref alleles 0; Amb alleles 0; Oth alleles 2
U3017,Consensus_U3017.consensus_threshold_0.75_quality_20,B.1.617.2,0.0,0.9999595632834614,Delta (B.1.617.2-like),0.923100,0.000000,PLEARN-v1.2.36,3.1.7,2021-07-09,v1.2.36,passed_qc,scorpio call: Alt alleles 12; Ref alleles 0; Amb alleles 1; Oth alleles 0; scorpio replaced lineage assignment AY.1
U3018,Consensus_U3018.consensus_threshold_0.75_quality_20,B.1.617.2,0.0,0.9998786800388224,Delta (B.1.617.2-like),0.923100,0.000000,PLEARN-v1.2.36,3.1.7,2021-07-09,v1.2.36,passed_qc,scorpio call: Alt alleles 12; Ref alleles 0; Amb alleles 1; Oth alleles 0
U3019,Consensus_U3019.consensus_threshold_0.75_quality_20,B.1.617.2,0.0,0.9999595632834614,Delta (B.1.617.2-like),0.923100,0.000000,PLEARN-v1.2.36,3.1.7,2021-07-09,v1.2.36,passed_qc,scorpio call: Alt alleles 12; Ref alleles 0; Amb alleles 1; Oth alleles 0; scorpio replaced lineage assignment AY.1
U3020,Consensus_U3020.consensus_threshold_0.75_quality_20,B.1.617.2,0.0,0.9998786800388224,Delta (B.1.617.2-like),0.846200,0.000000,PLEARN-v1.2.36,3.1.7,2021-07-09,v1.2.36,passed_qc,scorpio call: Alt alleles 11; Ref alleles 0; Amb alleles 1; Oth alleles 1
U3021,Consensus_U3021.consensus_threshold_0.75_quality_20,B.1.617.2,0.0,0.9999191232965344,Delta (B.1.617.2-like),0.923100,0.000000,PLEARN-v1.2.36,3.1.7,2021-07-09,v1.2.36,passed_qc,scorpio call: Alt alleles 12; Ref alleles 0; Amb alleles 1; Oth alleles 0
U3022,Consensus_U3022.consensus_threshold_0.75_quality_20,B.1.617.2,0.0,0.9999191232965344,Delta (B.1.617.2-like),0.846200,0.000000,PLEARN-v1.2.36,3.1.7,2021-07-09,v1.2.36,passed_qc,scorpio call: Alt alleles 11; Ref alleles 0; Amb alleles 1; Oth alleles 1
U3023,Consensus_U3023.consensus_threshold_0.75_quality_20,B.1.617.2,0.0,0.9999595632834614,Delta (B.1.617.2-like),0.923100,0.000000,PLEARN-v1.2.36,3.1.7,2021-07-09,v1.2.36,passed_qc,scorpio call: Alt alleles 12; Ref alleles 0; Amb alleles 1; Oth alleles 0
U3024,Consensus_U3024.consensus_threshold_0.75_quality_20,B.1.617.2,0.0,0.9999595632834614,Delta (B.1.617.2-like),0.923100,0.000000,PLEARN-v1.2.36,3.1.7,2021-07-09,v1.2.36,passed_qc,scorpio call: Alt alleles 12; Ref alleles 0; Amb alleles 1; Oth alleles 0
U3025,Consensus_U3025.consensus_threshold_0.75_quality_20,B.1.617.2,0.0,0.9998786800388224,Delta (B.1.617.2-like),0.923100,0.000000,PLEARN-v1.2.36,3.1.7,2021-07-09,v1.2.36,passed_qc,scorpio call: Alt alleles 12; Ref alleles 0; Amb alleles 1; Oth alleles 0
U3026,Consensus_U3026.consensus_threshold_0.75_quality_20,B.1.617.2,0.0,0.9999595632834614,Delta (B.1.617.2-like),0.923100,0.000000,PLEARN-v1.2.36,3.1.7,2021-07-09,v1.2.36,passed_qc,scorpio call: Alt alleles 12; Ref alleles 0; Amb alleles 1; Oth alleles 0
U3027,Consensus_U3027.consensus_threshold_0.75_quality_20,B.1.1.7,0.0,1.0,Alpha (B.1.1.7-like),0.956500,0.043500,PLEARN-v1.2.36,3.1.7,2021-07-09,v1.2.36,passed_qc,scorpio call: Alt alleles 22; Ref alleles 1; Amb alleles 0; Oth alleles 0
U3028,Consensus_U3028.consensus_threshold_0.75_quality_20,B.1.617.2,0.0,0.9999595632834614,Delta (B.1.617.2-like),0.923100,0.000000,PLEARN-v1.2.36,3.1.7,2021-07-09,v1.2.36,passed_qc,scorpio call: Alt alleles 12; Ref alleles 0; Amb alleles 1; Oth alleles 0
U3029,Consensus_U3029.consensus_threshold_0.75_quality_20,B.1.617.2,0.0,0.9999595632834614,Delta (B.1.617.2-like),0.923100,0.000000,PLEARN-v1.2.36,3.1.7,2021-07-09,v1.2.36,passed_qc,scorpio call: Alt alleles 12; Ref alleles 0; Amb alleles 1; Oth alleles 0
U3030,Consensus_U3030.consensus_threshold_0.75_quality_20,B.1.617.2,0.0,0.9898292623151703,Delta (B.1.617.2-like),0.692300,0.153800,PLEARN-v1.2.36,3.1.7,2021-07-09,v1.2.36,passed_qc,scorpio call: Alt alleles 9; Ref alleles 2; Amb alleles 2; Oth alleles 0
U3031,Consensus_U3031.consensus_threshold_0.75_quality_20,B.1.1.7,0.0,1.0,Alpha (B.1.1.7-like),0.956500,0.043500,PLEARN-v1.2.36,3.1.7,2021-07-09,v1.2.36,passed_qc,scorpio call: Alt alleles 22; Ref alleles 1; Amb alleles 0; Oth alleles 0
U3032,Consensus_U3032.consensus_threshold_0.75_quality_20,B.1.617.2,0.0,0.9998786800388224,Delta (B.1.617.2-like),0.846200,0.000000,PLEARN-v1.2.36,3.1.7,2021-07-09,v1.2.36,passed_qc,scorpio call: Alt alleles 11; Ref alleles 0; Amb alleles 1; Oth alleles 1
U3033,Consensus_U3033.consensus_threshold_0.75_quality_20,B.1.1.7,0.0,1.0,Alpha (B.1.1.7-like),0.956500,0.043500,PLEARN-v1.2.36,3.1.7,2021-07-09,v1.2.36,passed_qc,scorpio call: Alt alleles 22; Ref alleles 1; Amb alleles 0; Oth alleles 0
U3034,Consensus_U3034.consensus_threshold_0.75_quality_20,B.1.617.2,0.0,0.9999191232965344,Delta (B.1.617.2-like),0.846200,0.076900,PLEARN-v1.2.36,3.1.7,2021-07-09,v1.2.36,passed_qc,scorpio call: Alt alleles 11; Ref alleles 1; Amb alleles 0; Oth alleles 1
U3035,Consensus_U3035.consensus_threshold_0.75_quality_20,B.1.617.2,0.0,0.9998786800388224,Delta (B.1.617.2-like),0.846200,0.000000,PLEARN-v1.2.36,3.1.7,2021-07-09,v1.2.36,passed_qc,scorpio call: Alt alleles 11; Ref alleles 0; Amb alleles 1; Oth alleles 1
U3036,Consensus_U3036.consensus_threshold_0.75_quality_20,B.1.617.2,0.0,0.9999191232965344,Delta (B.1.617.2-like),0.923100,0.000000,PLEARN-v1.2.36,3.1.7,2021-07-09,v1.2.36,passed_qc,scorpio call: Alt alleles 12; Ref alleles 0; Amb alleles 1; Oth alleles 0
U3037,Consensus_U3037.consensus_threshold_0.75_quality_20,B.1.617.2,0.0,0.9999191232965344,Delta (B.1.617.2-like),0.846200,0.000000,PLEARN-v1.2.36,3.1.7,2021-07-09,v1.2.36,passed_qc,scorpio call: Alt alleles 11; Ref alleles 0; Amb alleles 1; Oth alleles 1
U3038,Consensus_U3038.consensus_threshold_0.75_quality_20,B.1.617.2,0.0,0.9999595632834614,Delta (B.1.617.2-like),0.923100,0.000000,PLEARN-v1.2.36,3.1.7,2021-07-09,v1.2.36,passed_qc,scorpio call: Alt alleles 12; Ref alleles 0; Amb alleles 1; Oth alleles 0
U3039,Consensus_U3039.consensus_threshold_0.75_quality_20,B.1.617.2,0.0,0.9938567941415786,Delta (B.1.617.2-like),0.769200,0.000000,PLEARN-v1.2.36,3.1.7,2021-07-09,v1.2.36,passed_qc,scorpio call: Alt alleles 10; Ref alleles 0; Amb alleles 3; Oth alleles 0
U3040,Consensus_U3040.consensus_threshold_0.75_quality_20,B.1.617.2,0.0,0.9250662841743817,Delta (B.1.617.2-like),0.538500,0.000000,PLEARN-v1.2.36,3.1.7,2021-07-09,v1.2.36,passed_qc,scorpio call: Alt alleles 7; Ref alleles 0; Amb alleles 6; Oth alleles 0
U3041,Consensus_U3041.consensus_threshold_0.75_quality_20,B.1.617.2,0.0,0.9999595632834614,Delta (B.1.617.2-like),0.923100,0.000000,PLEARN-v1.2.36,3.1.7,2021-07-09,v1.2.36,passed_qc,scorpio call: Alt alleles 12; Ref alleles 0; Amb alleles 1; Oth alleles 0
U3042,Consensus_U3042.consensus_threshold_0.75_quality_20,B.1.617.2,0.0,0.9962253429661498,Delta (B.1.617.2-like),0.923100,0.000000,PLEARN-v1.2.36,3.1.7,2021-07-09,v1.2.36,passed_qc,scorpio call: Alt alleles 12; Ref alleles 0; Amb alleles 1; Oth alleles 0
U3043,Consensus_U3043.consensus_threshold_0.75_quality_20,B.1.617.2,0.0,0.9152118606895342,Delta (B.1.617.2-like),0.538500,0.000000,PLEARN-v1.2.36,3.1.7,2021-07-09,v1.2.36,passed_qc,scorpio call: Alt alleles 7; Ref alleles 0; Amb alleles 6; Oth alleles 0
U3044,Consensus_U3044.consensus_threshold_0.75_quality_20,B.1.617.2,0.0,0.9975679948117223,Delta (B.1.617.2-like),0.923100,0.000000,PLEARN-v1.2.36,3.1.7,2021-07-09,v1.2.36,passed_qc,scorpio call: Alt alleles 12; Ref alleles 0; Amb alleles 1; Oth alleles 0
U3045,Consensus_U3045.consensus_threshold_0.75_quality_20,B.1.617.2,0.0,0.9893751787830494,Delta (B.1.617.2-like),0.769200,0.076900,PLEARN-v1.2.36,3.1.7,2021-07-09,v1.2.36,passed_qc,scorpio call: Alt alleles 10; Ref alleles 1; Amb alleles 2; Oth alleles 0
U3046,Consensus_U3046.consensus_threshold_0.75_quality_20,B.1.617.2,0.0,0.9963068181818182,Delta (B.1.617.2-like),0.769200,0.000000,PLEARN-v1.2.36,3.1.7,2021-07-09,v1.2.36,passed_qc,scorpio call: Alt alleles 10; Ref alleles 0; Amb alleles 3; Oth alleles 0
U3047,Consensus_U3047.consensus_threshold_0.75_quality_20,B.1.617.2,0.0,0.984978452698543,Delta (B.1.617.2-like),0.769200,0.000000,PLEARN-v1.2.36,3.1.7,2021-07-09,v1.2.36,passed_qc,scorpio call: Alt alleles 10; Ref alleles 0; Amb alleles 3; Oth alleles 0
U3048,Consensus_U3048.consensus_threshold_0.75_quality_20,None,,,,,,PANGO-v1.2.36,3.1.7,2021-07-09,v1.2.36,fail,N_content:0.55
U3049,Consensus_U3049.consensus_threshold_0.75_quality_20,B.1.617.2,0.0,0.9999191232965344,Delta (B.1.617.2-like),0.923100,0.000000,PLEARN-v1.2.36,3.1.7,2021-07-09,v1.2.36,passed_qc,scorpio call: Alt alleles 12; Ref alleles 0; Amb alleles 1; Oth alleles 0
U3050,Consensus_U3050.consensus_threshold_0.75_quality_20,B.1.617.2,0.0,0.9817605401844532,Delta (B.1.617.2-like),0.769200,0.000000,PLEARN-v1.2.36,3.1.7,2021-07-09,v1.2.36,passed_qc,scorpio call: Alt alleles 10; Ref alleles 0; Amb alleles 3; Oth alleles 0
U3051,Consensus_U3051.consensus_threshold_0.75_quality_20,B.1.617.2,0.0,0.7591691335106117,Delta (B.1.617.2-like),0.615400,0.076900,PLEARN-v1.2.36,3.1.7,2021-07-09,v1.2.36,passed_qc,scorpio call: Alt alleles 8; Ref alleles 1; Amb alleles 4; Oth alleles 0; scorpio replaced lineage assignment B.1.620
U3052,Consensus_U3052.consensus_threshold_0.75_quality_20,None,,,,,,PANGO-v1.2.36,3.1.7,2021-07-09,v1.2.36,fail,N_content:0.42
U3053,Consensus_U3053.consensus_threshold_0.75_quality_20,B.1.617.2,0.0,0.9967953918546163,Delta (B.1.617.2-like),0.923100,0.000000,PLEARN-v1.2.36,3.1.7,2021-07-09,v1.2.36,passed_qc,scorpio call: Alt alleles 12; Ref alleles 0; Amb alleles 1; Oth alleles 0
U3054,Consensus_U3054.consensus_threshold_0.75_quality_20,B.1.617.2,0.0,0.7930209858467545,Delta (B.1.617.2-like),0.615400,0.000000,PLEARN-v1.2.36,3.1.7,2021-07-09,v1.2.36,passed_qc,scorpio call: Alt alleles 8; Ref alleles 0; Amb alleles 5; Oth alleles 0
U3055,Consensus_U3055.consensus_threshold_0.75_quality_20,B.1.617.2,0.0,0.8198606604313801,Delta (B.1.617.2-like),0.538500,0.000000,PLEARN-v1.2.36,3.1.7,2021-07-09,v1.2.36,passed_qc,scorpio call: Alt alleles 7; Ref alleles 0; Amb alleles 6; Oth alleles 0
U3056,Consensus_U3056.consensus_threshold_0.75_quality_20,None,,,,,,PANGO-v1.2.36,3.1.7,2021-07-09,v1.2.36,fail,N_content:0.35
U3057,Consensus_U3057.consensus_threshold_0.75_quality_20,B.1.617.2,0.0,0.9962253429661498,Delta (B.1.617.2-like),0.769200,0.000000,PLEARN-v1.2.36,3.1.7,2021-07-09,v1.2.36,passed_qc,scorpio call: Alt alleles 10; Ref alleles 0; Amb alleles 3; Oth alleles 0; scorpio replaced lineage assignment B.1.623
U3058,Consensus_U3058.consensus_threshold_0.75_quality_20,B.1.617.2,0.0,0.9926272912423625,Delta (B.1.617.2-like),0.769200,0.000000,PLEARN-v1.2.36,3.1.7,2021-07-09,v1.2.36,passed_qc,scorpio call: Alt alleles 10; Ref alleles 0; Amb alleles 3; Oth alleles 0; scorpio replaced lineage assignment B.1.623
U3059,Consensus_U3059.consensus_threshold_0.75_quality_20,B.1.617.2,0.0,0.9604455653635982,Delta (B.1.617.2-like),0.692300,0.000000,PLEARN-v1.2.36,3.1.7,2021-07-09,v1.2.36,passed_qc,scorpio call: Alt alleles 9; Ref alleles 0; Amb alleles 4; Oth alleles 0
U3060,Consensus_U3060.consensus_threshold_0.75_quality_20,B.1.617.2,0.0,0.9979741501559904,Delta (B.1.617.2-like),0.846200,0.000000,PLEARN-v1.2.36,3.1.7,2021-07-09,v1.2.36,passed_qc,scorpio call: Alt alleles 11; Ref alleles 0; Amb alleles 2; Oth alleles 0
U3061,Consensus_U3061.consensus_threshold_0.75_quality_20,B.1.617.2,0.0,0.9012351164030566,Delta (B.1.617.2-like),0.692300,0.000000,PLEARN-v1.2.36,3.1.7,2021-07-09,v1.2.36,passed_qc,scorpio call: Alt alleles 9; Ref alleles 0; Amb alleles 4; Oth alleles 0
U3062,Consensus_U3062.consensus_threshold_0.75_quality_20,B.1.617.2,0.0,0.9923810299869622,Delta (B.1.617.2-like),0.769200,0.000000,PLEARN-v1.2.36,3.1.7,2021-07-09,v1.2.36,passed_qc,scorpio call: Alt alleles 10; Ref alleles 0; Amb alleles 3; Oth alleles 0
U3063,Consensus_U3063.consensus_threshold_0.75_quality_20,B.1.617.2,0.0,0.8043415200154709,Delta (B.1.617.2-like),0.615400,0.000000,PLEARN-v1.2.36,3.1.7,2021-07-09,v1.2.36,passed_qc,scorpio call: Alt alleles 8; Ref alleles 0; Amb alleles 5; Oth alleles 0
U3064,Consensus_U3064.consensus_threshold_0.75_quality_20,None,,,,,,PANGO-v1.2.36,3.1.7,2021-07-09,v1.2.36,fail,N_content:0.45
U3065,Consensus_U3065.consensus_threshold_0.75_quality_20,B.1.617.2,0.0,0.9999191232965344,Delta (B.1.617.2-like),0.923100,0.000000,PLEARN-v1.2.36,3.1.7,2021-07-09,v1.2.36,passed_qc,scorpio call: Alt alleles 12; Ref alleles 0; Amb alleles 1; Oth alleles 0; scorpio replaced lineage assignment AY.1
U3066,Consensus_U3066.consensus_threshold_0.75_quality_20,B.1.1.7,0.0,0.9880518842833177,Alpha (B.1.1.7-like),0.913000,0.043500,PLEARN-v1.2.36,3.1.7,2021-07-09,v1.2.36,passed_qc,scorpio call: Alt alleles 21; Ref alleles 1; Amb alleles 1; Oth alleles 0
U3067,Consensus_U3067.consensus_threshold_0.75_quality_20,B.1.617.2,0.0,0.9828912194118856,Delta (B.1.617.2-like),0.769200,0.000000,PLEARN-v1.2.36,3.1.7,2021-07-09,v1.2.36,passed_qc,scorpio call: Alt alleles 10; Ref alleles 0; Amb alleles 3; Oth alleles 0
U3068,Consensus_U3068.consensus_threshold_0.75_quality_20,B.1.617.2,0.0,0.6882193815307909,Delta (B.1.617.2-like),0.461500,0.000000,PLEARN-v1.2.36,3.1.7,2021-07-09,v1.2.36,passed_qc,scorpio call: Alt alleles 6; Ref alleles 0; Amb alleles 7; Oth alleles 0
U3069,Consensus_U3069.consensus_threshold_0.75_quality_20,B.1.617.2,0.0,0.9677352032723934,Delta (B.1.617.2-like),0.769200,0.000000,PLEARN-v1.2.36,3.1.7,2021-07-09,v1.2.36,passed_qc,scorpio call: Alt alleles 10; Ref alleles 0; Amb alleles 3; Oth alleles 0
U3070,Consensus_U3070.consensus_threshold_0.75_quality_20,B.1.617.2,0.0,0.9999595632834614,Delta (B.1.617.2-like),0.923100,0.000000,PLEARN-v1.2.36,3.1.7,2021-07-09,v1.2.36,passed_qc,scorpio call: Alt alleles 12; Ref alleles 0; Amb alleles 1; Oth alleles 0; scorpio replaced lineage assignment AY.1
U3071,Consensus_U3071.consensus_threshold_0.75_quality_20,B.1.617.2,0.0,0.9012351164030566,Delta (B.1.617.2-like),0.615400,0.000000,PLEARN-v1.2.36,3.1.7,2021-07-09,v1.2.36,passed_qc,scorpio call: Alt alleles 8; Ref alleles 0; Amb alleles 5; Oth alleles 0
U3072,Consensus_U3072.consensus_threshold_0.75_quality_20,B.1.617.2,0.0,0.9999595632834614,Delta (B.1.617.2-like),0.923100,0.000000,PLEARN-v1.2.36,3.1.7,2021-07-09,v1.2.36,passed_qc,scorpio call: Alt alleles 12; Ref alleles 0; Amb alleles 1; Oth alleles 0
U3073,Consensus_U3073.consensus_threshold_0.75_quality_20,B.1.617.2,0.0,0.9861851274903665,Delta (B.1.617.2-like),0.769200,0.000000,PLEARN-v1.2.36,3.1.7,2021-07-09,v1.2.36,passed_qc,scorpio call: Alt alleles 10; Ref alleles 0; Amb alleles 3; Oth alleles 0
U3074,Consensus_U3074.consensus_threshold_0.75_quality_20,B.1.617.2,0.0,0.8404988513291762,Delta (B.1.617.2-like),0.615400,0.000000,PLEARN-v1.2.36,3.1.7,2021-07-09,v1.2.36,passed_qc,scorpio call: Alt alleles 8; Ref alleles 0; Amb alleles 5; Oth alleles 0
U3075,Consensus_U3075.consensus_threshold_0.75_quality_20,B.1.617.2,0.0,0.9999595632834614,Delta (B.1.617.2-like),0.923100,0.000000,PLEARN-v1.2.36,3.1.7,2021-07-09,v1.2.36,passed_qc,scorpio call: Alt alleles 12; Ref alleles 0; Amb alleles 1; Oth alleles 0
U3076,Consensus_U3076.consensus_threshold_0.75_quality_20,B.1.617.2,0.0,0.9662249717844752,Delta (B.1.617.2-like),0.769200,0.000000,PLEARN-v1.2.36,3.1.7,2021-07-09,v1.2.36,passed_qc,scorpio call: Alt alleles 10; Ref alleles 0; Amb alleles 3; Oth alleles 0
U3077,Consensus_U3077.consensus_threshold_0.75_quality_20,P.1.2,0.0,1.0,Gamma (P.1-like),0.875000,0.000000,PLEARN-v1.2.36,3.1.7,2021-07-09,v1.2.36,passed_qc,scorpio call: Alt alleles 14; Ref alleles 0; Amb alleles 0; Oth alleles 2
U3078,Consensus_U3078.consensus_threshold_0.75_quality_20,None,,,,,,PANGO-v1.2.36,3.1.7,2021-07-09,v1.2.36,fail,N_content:0.72
U3079,Consensus_U3079.consensus_threshold_0.75_quality_20,B.1.617.2,0.0,1.0,Delta (B.1.617.2-like),0.923100,0.076900,PLEARN-v1.2.36,3.1.7,2021-07-09,v1.2.36,passed_qc,scorpio call: Alt alleles 12; Ref alleles 1; Amb alleles 0; Oth alleles 0
U3080,Consensus_U3080.consensus_threshold_0.75_quality_20,B.1.617.2,0.0,0.951676486795812,Delta (B.1.617.2-like),0.769200,0.076900,PLEARN-v1.2.36,3.1.7,2021-07-09,v1.2.36,passed_qc,scorpio call: Alt alleles 10; Ref alleles 1; Amb alleles 2; Oth alleles 0; scorpio replaced lineage assignment B.1.620
U3081,Consensus_U3081.consensus_threshold_0.75_quality_20,B.1.617.2,0.0,0.9884657859217146,Delta (B.1.617.2-like),0.846200,0.000000,PLEARN-v1.2.36,3.1.7,2021-07-09,v1.2.36,passed_qc,scorpio call: Alt alleles 11; Ref alleles 0; Amb alleles 2; Oth alleles 0
U3082,Consensus_U3082.consensus_threshold_0.75_quality_20,None,,,,,,PANGO-v1.2.36,3.1.7,2021-07-09,v1.2.36,fail,N_content:0.75
U3083,Consensus_U3083.consensus_threshold_0.75_quality_20,B.1.617.2,0.0,0.9755178127589064,Delta (B.1.617.2-like),0.769200,0.000000,PLEARN-v1.2.36,3.1.7,2021-07-09,v1.2.36,passed_qc,scorpio call: Alt alleles 10; Ref alleles 0; Amb alleles 3; Oth alleles 0
U3084,Consensus_U3084.consensus_threshold_0.75_quality_20,B.1.617.2,0.0,0.7972473494796226,Delta (B.1.617.2-like),0.692300,0.000000,PLEARN-v1.2.36,3.1.7,2021-07-09,v1.2.36,passed_qc,scorpio call: Alt alleles 9; Ref alleles 0; Amb alleles 4; Oth alleles 0
U3085,Consensus_U3085.consensus_threshold_0.75_quality_20,B.1.617.2,0.0,0.9999595632834614,Delta (B.1.617.2-like),0.923100,0.000000,PLEARN-v1.2.36,3.1.7,2021-07-09,v1.2.36,passed_qc,scorpio call: Alt alleles 12; Ref alleles 0; Amb alleles 1; Oth alleles 0
U3086,Consensus_U3086.consensus_threshold_0.75_quality_20,B.1.617.2,0.0,0.9999595632834614,Delta (B.1.617.2-like),0.923100,0.000000,PLEARN-v1.2.36,3.1.7,2021-07-09,v1.2.36,passed_qc,scorpio call: Alt alleles 12; Ref alleles 0; Amb alleles 1; Oth alleles 0
U3087,Consensus_U3087.consensus_threshold_0.75_quality_20,B.1.617.2,0.0,0.8806463293201774,Delta (B.1.617.2-like),0.615400,0.000000,PLEARN-v1.2.36,3.1.7,2021-07-09,v1.2.36,passed_qc,scorpio call: Alt alleles 8; Ref alleles 0; Amb alleles 5; Oth alleles 0; scorpio replaced lineage assignment B.1
U3088,Consensus_U3088.consensus_threshold_0.75_quality_20,None,,,,,,PANGO-v1.2.36,3.1.7,2021-07-09,v1.2.36,fail,N_content:0.38
U3089,Consensus_U3089.consensus_threshold_0.75_quality_20,None,,,,,,PANGO-v1.2.36,3.1.7,2021-07-09,v1.2.36,fail,N_content:0.51
U3090,Consensus_U3090.consensus_threshold_0.75_quality_20,None,,,,,,PANGO-v1.2.36,3.1.7,2021-07-09,v1.2.36,fail,N_content:0.55
U3091,Consensus_U3091.consensus_threshold_0.75_quality_20,B.1.617.2,0.0,0.9978117275195526,Delta (B.1.617.2-like),0.923100,0.000000,PLEARN-v1.2.36,3.1.7,2021-07-09,v1.2.36,passed_qc,scorpio call: Alt alleles 12; Ref alleles 0; Amb alleles 1; Oth alleles 0
U3092,Consensus_U3092.consensus_threshold_0.75_quality_20,None,,,,,,PANGO-v1.2.36,3.1.7,2021-07-09,v1.2.36,fail,N_content:0.58
U3093,Consensus_U3093.consensus_threshold_0.75_quality_20,B.1.617.2,0.0,0.9082200247218789,Delta (B.1.617.2-like),0.692300,0.000000,PLEARN-v1.2.36,3.1.7,2021-07-09,v1.2.36,passed_qc,scorpio call: Alt alleles 9; Ref alleles 0; Amb alleles 4; Oth alleles 0
U3094,Consensus_U3094.consensus_threshold_0.75_quality_20,B.1.617.2,0.0,0.742576774455969,Delta (B.1.617.2-like),0.538500,0.000000,PLEARN-v1.2.36,3.1.7,2021-07-09,v1.2.36,passed_qc,scorpio call: Alt alleles 7; Ref alleles 0; Amb alleles 6; Oth alleles 0
U3095,Consensus_U3095.consensus_threshold_0.75_quality_20,B.1.617.2,0.0,0.9054173674426839,Delta (B.1.617.2-like),0.692300,0.000000,PLEARN-v1.2.36,3.1.7,2021-07-09,v1.2.36,passed_qc,scorpio call: Alt alleles 9; Ref alleles 0; Amb alleles 4; Oth alleles 0; scorpio replaced lineage assignment B.1.1
U3096,Consensus_U3096.consensus_threshold_0.75_quality_20,None,,,,,,PANGO-v1.2.36,3.1.7,2021-07-09,v1.2.36,fail,N_content:0.42
U3097,Consensus_U3097.consensus_threshold_0.75_quality_20,B.1.617.2,0.0,0.9843948913802308,Delta (B.1.617.2-like),0.846200,0.000000,PLEARN-v1.2.36,3.1.7,2021-07-09,v1.2.36,passed_qc,scorpio call: Alt alleles 11; Ref alleles 0; Amb alleles 2; Oth alleles 0
U3098,Consensus_U3098.consensus_threshold_0.75_quality_20,None,,,,,,PANGO-v1.2.36,3.1.7,2021-07-09,v1.2.36,fail,N_content:0.52
U3099,Consensus_U3099.consensus_threshold_0.75_quality_20,B.1.617.2,0.0,0.7773877793157999,Delta (B.1.617.2-like),0.615400,0.000000,PLEARN-v1.2.36,3.1.7,2021-07-09,v1.2.36,passed_qc,scorpio call: Alt alleles 8; Ref alleles 0; Amb alleles 5; Oth alleles 0
U3100,Consensus_U3100.consensus_threshold_0.75_quality_20,None,,,,,,PANGO-v1.2.36,3.1.7,2021-07-09,v1.2.36,fail,N_content:0.66
U3101,Consensus_U3101.consensus_threshold_0.75_quality_20,B.1.617.2,0.0,0.9671316404944872,Delta (B.1.617.2-like),0.769200,0.000000,PLEARN-v1.2.36,3.1.7,2021-07-09,v1.2.36,passed_qc,scorpio call: Alt alleles 10; Ref alleles 0; Amb alleles 3; Oth alleles 0
U3102,Consensus_U3102.consensus_threshold_0.75_quality_20,B.1.1,0.0,0.9553077345499091,,,,PLEARN-v1.2.36,3.1.7,2021-07-09,v1.2.36,passed_qc,
U3104,Consensus_U3104.consensus_threshold_0.75_quality_20,None,,,,,,PANGO-v1.2.36,3.1.7,2021-07-09,v1.2.36,fail,N_content:0.35
U3105,Consensus_U3105.consensus_threshold_0.75_quality_20,B.1.617.2,0.0,0.6863380431318389,Delta (B.1.617.2-like),0.538500,0.000000,PLEARN-v1.2.36,3.1.7,2021-07-09,v1.2.36,passed_qc,scorpio call: Alt alleles 7; Ref alleles 0; Amb alleles 6; Oth alleles 0
U3106,Consensus_U3106.consensus_threshold_0.75_quality_20,B.1.1.7,0.0,0.945463073511854,Alpha (B.1.1.7-like),0.869600,0.043500,PLEARN-v1.2.36,3.1.7,2021-07-09,v1.2.36,passed_qc,scorpio call: Alt alleles 20; Ref alleles 1; Amb alleles 2; Oth alleles 0
U3107,Consensus_U3107.consensus_threshold_0.75_quality_20,None,,,,,,PANGO-v1.2.36,3.1.7,2021-07-09,v1.2.36,fail,N_content:0.55
U3108,Consensus_U3108.consensus_threshold_0.75_quality_20,B.1.617.2,0.0,0.8644565866201387,Delta (B.1.617.2-like),0.538500,0.076900,PLEARN-v1.2.36,3.1.7,2021-07-09,v1.2.36,passed_qc,scorpio call: Alt alleles 7; Ref alleles 1; Amb alleles 5; Oth alleles 0
U3109,Consensus_U3109.consensus_threshold_0.75_quality_20,B.1.617.2,0.0,0.9999191232965344,Delta (B.1.617.2-like),0.846200,0.000000,PLEARN-v1.2.36,3.1.7,2021-07-09,v1.2.36,passed_qc,scorpio call: Alt alleles 11; Ref alleles 0; Amb alleles 1; Oth alleles 1
U3110,Consensus_U3110.consensus_threshold_0.75_quality_20,None,,,,,,PANGO-v1.2.36,3.1.7,2021-07-09,v1.2.36,fail,N_content:0.36
U3111,Consensus_U3111.consensus_threshold_0.75_quality_20,None,,,,,,PANGO-v1.2.36,3.1.7,2021-07-09,v1.2.36,fail,N_content:0.78
U3113,Consensus_U3113.consensus_threshold_0.75_quality_20,None,,,,,,PANGO-v1.2.36,3.1.7,2021-07-09,v1.2.36,fail,N_content:0.83
U3114,Consensus_U3114.consensus_threshold_0.75_quality_20,None,,,,,,PANGO-v1.2.36,3.1.7,2021-07-09,v1.2.36,fail,N_content:0.75
U3115,Consensus_U3115.consensus_threshold_0.75_quality_20,B.1.617.2,0.0,0.6341746285966754,Delta (B.1.617.2-like),0.615400,0.000000,PLEARN-v1.2.36,3.1.7,2021-07-09,v1.2.36,passed_qc,scorpio call: Alt alleles 8; Ref alleles 0; Amb alleles 5; Oth alleles 0
U3116,Consensus_U3116.consensus_threshold_0.75_quality_20,None,,,,,,PANGO-v1.2.36,3.1.7,2021-07-09,v1.2.36,fail,N_content:0.59
U3117,Consensus_U3117.consensus_threshold_0.75_quality_20,None,,,,,,PANGO-v1.2.36,3.1.7,2021-07-09,v1.2.36,fail,N_content:0.42
U3118,Consensus_U3118.consensus_threshold_0.75_quality_20,B.1.617.2,0.0,0.9190996503496504,Delta (B.1.617.2-like),0.692300,0.000000,PLEARN-v1.2.36,3.1.7,2021-07-09,v1.2.36,passed_qc,scorpio call: Alt alleles 9; Ref alleles 0; Amb alleles 4; Oth alleles 0
U3119,Consensus_U3119.consensus_threshold_0.75_quality_20,B.1.617.2,0.0,0.9985422150232841,Delta (B.1.617.2-like),0.846200,0.000000,PLEARN-v1.2.36,3.1.7,2021-07-09,v1.2.36,passed_qc,scorpio call: Alt alleles 11; Ref alleles 0; Amb alleles 2; Oth alleles 0
U3120,Consensus_U3120.consensus_threshold_0.75_quality_20,B.1.617.2,0.0,0.9920524942940985,Delta (B.1.617.2-like),0.769200,0.000000,PLEARN-v1.2.36,3.1.7,2021-07-09,v1.2.36,passed_qc,scorpio call: Alt alleles 10; Ref alleles 0; Amb alleles 3; Oth alleles 0
U3121,Consensus_U3121.consensus_threshold_0.75_quality_20,None,,,,,,PANGO-v1.2.36,3.1.7,2021-07-09,v1.2.36,fail,N_content:0.56
U3122,Consensus_U3122.consensus_threshold_0.75_quality_20,B.1.617.2,0.0,0.9095198200978879,Delta (B.1.617.2-like),0.692300,0.000000,PLEARN-v1.2.36,3.1.7,2021-07-09,v1.2.36,passed_qc,scorpio call: Alt alleles 9; Ref alleles 0; Amb alleles 4; Oth alleles 0
U3123,Consensus_U3123.consensus_threshold_0.75_quality_20,B.1.617.2,0.0,0.7372478937962726,Delta (B.1.617.2-like),0.615400,0.000000,PLEARN-v1.2.36,3.1.7,2021-07-09,v1.2.36,passed_qc,scorpio call: Alt alleles 8; Ref alleles 0; Amb alleles 5; Oth alleles 0
U3124,Consensus_U3124.consensus_threshold_0.75_quality_20,B.1.617.2,0.0,0.9704425294533949,Delta (B.1.617.2-like),0.692300,0.076900,PLEARN-v1.2.36,3.1.7,2021-07-09,v1.2.36,passed_qc,scorpio call: Alt alleles 9; Ref alleles 1; Amb alleles 2; Oth alleles 1; scorpio replaced lineage assignment B.1.620
U3125,Consensus_U3125.consensus_threshold_0.75_quality_20,B.1.617.2,0.0,0.8858906207766466,Delta (B.1.617.2-like),0.615400,0.000000,PLEARN-v1.2.36,3.1.7,2021-07-09,v1.2.36,passed_qc,scorpio call: Alt alleles 8; Ref alleles 0; Amb alleles 5; Oth alleles 0
U3126,Consensus_U3126.consensus_threshold_0.75_quality_20,B.1.617.2,0.0,0.6954847557759257,Delta (B.1.617.2-like),0.538500,0.000000,PLEARN-v1.2.36,3.1.7,2021-07-09,v1.2.36,passed_qc,scorpio call: Alt alleles 7; Ref alleles 0; Amb alleles 6; Oth alleles 0
U3127,Consensus_U3127.consensus_threshold_0.75_quality_20,None,,,,,,PANGO-v1.2.36,3.1.7,2021-07-09,v1.2.36,fail,N_content:0.7
U3128,Consensus_U3128.consensus_threshold_0.75_quality_20,B.1.617.2,0.0,0.9908597543558983,Delta (B.1.617.2-like),0.846200,0.076900,PLEARN-v1.2.36,3.1.7,2021-07-09,v1.2.36,passed_qc,scorpio call: Alt alleles 11; Ref alleles 1; Amb alleles 1; Oth alleles 0; scorpio replaced lineage assignment B.1.620
U3129,Consensus_U3129.consensus_threshold_0.75_quality_20,B.1.617.2,0.0,0.9829748735452564,Delta (B.1.617.2-like),0.769200,0.000000,PLEARN-v1.2.36,3.1.7,2021-07-09,v1.2.36,passed_qc,scorpio call: Alt alleles 10; Ref alleles 0; Amb alleles 3; Oth alleles 0
U3130,Consensus_U3130.consensus_threshold_0.75_quality_20,B.1.1.7,0.0,0.954026391473524,Alpha (B.1.1.7-like),0.826100,0.043500,PLEARN-v1.2.36,3.1.7,2021-07-09,v1.2.36,passed_qc,scorpio call: Alt alleles 19; Ref alleles 1; Amb alleles 3; Oth alleles 0
U3131,Consensus_U3131.consensus_threshold_0.75_quality_20,B.1.617.2,0.0,0.9652301255230126,Delta (B.1.617.2-like),0.769200,0.000000,PLEARN-v1.2.36,3.1.7,2021-07-09,v1.2.36,passed_qc,scorpio call: Alt alleles 10; Ref alleles 0; Amb alleles 3; Oth alleles 0
U3132,Consensus_U3132.consensus_threshold_0.75_quality_20,B.1.617.2,0.0,0.9653599966531398,Delta (B.1.617.2-like),0.692300,0.076900,PLEARN-v1.2.36,3.1.7,2021-07-09,v1.2.36,passed_qc,scorpio call: Alt alleles 9; Ref alleles 1; Amb alleles 3; Oth alleles 0
U3133,Consensus_U3133.consensus_threshold_0.75_quality_20,B.1.617.2,0.0,0.9299035091514863,Delta (B.1.617.2-like),0.769200,0.000000,PLEARN-v1.2.36,3.1.7,2021-07-09,v1.2.36,passed_qc,scorpio call: Alt alleles 10; Ref alleles 0; Amb alleles 3; Oth alleles 0
U3134,Consensus_U3134.consensus_threshold_0.75_quality_20,B.1.617.2,0.0,0.9725811142038138,Delta (B.1.617.2-like),0.769200,0.000000,PLEARN-v1.2.36,3.1.7,2021-07-09,v1.2.36,passed_qc,scorpio call: Alt alleles 10; Ref alleles 0; Amb alleles 3; Oth alleles 0
U3135,Consensus_U3135.consensus_threshold_0.75_quality_20,B.1.1.7,0.0,0.9824308755760369,Alpha (B.1.1.7-like),0.869600,0.043500,PLEARN-v1.2.36,3.1.7,2021-07-09,v1.2.36,passed_qc,scorpio call: Alt alleles 20; Ref alleles 1; Amb alleles 2; Oth alleles 0
U3136,Consensus_U3136.consensus_threshold_0.75_quality_20,B.1.617.2,0.0,0.7077542062911485,Delta (B.1.617.2-like),0.384600,0.076900,PLEARN-v1.2.36,3.1.7,2021-07-09,v1.2.36,passed_qc,scorpio call: Alt alleles 5; Ref alleles 1; Amb alleles 6; Oth alleles 1
U3137,Consensus_U3137.consensus_threshold_0.75_quality_20,B.1.617.2,0.0,0.9795758375969632,Delta (B.1.617.2-like),0.769200,0.076900,PLEARN-v1.2.36,3.1.7,2021-07-09,v1.2.36,passed_qc,scorpio call: Alt alleles 10; Ref alleles 1; Amb alleles 2; Oth alleles 0
U3138,Consensus_U3138.consensus_threshold_0.75_quality_20,B.1.617.2,0.0,0.9993121307760784,Delta (B.1.617.2-like),0.846200,0.000000,PLEARN-v1.2.36,3.1.7,2021-07-09,v1.2.36,passed_qc,scorpio call: Alt alleles 11; Ref alleles 0; Amb alleles 2; Oth alleles 0
U3139,Consensus_U3139.consensus_threshold_0.75_quality_20,B.1.617.2,0.0,0.9991501416430595,Delta (B.1.617.2-like),0.769200,0.000000,PLEARN-v1.2.36,3.1.7,2021-07-09,v1.2.36,passed_qc,scorpio call: Alt alleles 10; Ref alleles 0; Amb alleles 3; Oth alleles 0
U3140,Consensus_U3140.consensus_threshold_0.75_quality_20,B.1.617.2,0.0,0.9969581440622972,Delta (B.1.617.2-like),0.769200,0.000000,PLEARN-v1.2.36,3.1.7,2021-07-09,v1.2.36,passed_qc,scorpio call: Alt alleles 10; Ref alleles 0; Amb alleles 3; Oth alleles 0
U3141,Consensus_U3141.consensus_threshold_0.75_quality_20,B.1.617.2,0.0,0.9998786800388224,Delta (B.1.617.2-like),0.923100,0.000000,PLEARN-v1.2.36,3.1.7,2021-07-09,v1.2.36,passed_qc,scorpio call: Alt alleles 12; Ref alleles 0; Amb alleles 1; Oth alleles 0
U3142,Consensus_U3142.consensus_threshold_0.75_quality_20,B.1.617.2,0.0,0.9999595632834614,Delta (B.1.617.2-like),0.923100,0.000000,PLEARN-v1.2.36,3.1.7,2021-07-09,v1.2.36,passed_qc,scorpio call: Alt alleles 12; Ref alleles 0; Amb alleles 1; Oth alleles 0; scorpio replaced lineage assignment AY.1
U3143,Consensus_U3143.consensus_threshold_0.75_quality_20,B.1.617.2,0.0,0.9916415232814156,Delta (B.1.617.2-like),0.692300,0.076900,PLEARN-v1.2.36,3.1.7,2021-07-09,v1.2.36,passed_qc,scorpio call: Alt alleles 9; Ref alleles 1; Amb alleles 2; Oth alleles 1
U3144,Consensus_U3144.consensus_threshold_0.75_quality_20,B.1.617.2,0.0,0.9999595632834614,Delta (B.1.617.2-like),0.769200,0.076900,PLEARN-v1.2.36,3.1.7,2021-07-09,v1.2.36,passed_qc,scorpio call: Alt alleles 10; Ref alleles 1; Amb alleles 0; Oth alleles 2; scorpio replaced lineage assignment AY.1
U3145,Consensus_U3145.consensus_threshold_0.75_quality_20,B.1.617.2,0.0,0.9999595632834614,Delta (B.1.617.2-like),0.923100,0.000000,PLEARN-v1.2.36,3.1.7,2021-07-09,v1.2.36,passed_qc,scorpio call: Alt alleles 12; Ref alleles 0; Amb alleles 1; Oth alleles 0
U3146,Consensus_U3146.consensus_threshold_0.75_quality_20,B.1.617.2,0.0,0.8426692872853199,Delta (B.1.617.2-like),0.769200,0.076900,PLEARN-v1.2.36,3.1.7,2021-07-09,v1.2.36,passed_qc,scorpio call: Alt alleles 10; Ref alleles 1; Amb alleles 2; Oth alleles 0
U3147,Consensus_U3147.consensus_threshold_0.75_quality_20,B.1.617.2,0.0,0.9998786800388224,Delta (B.1.617.2-like),0.923100,0.000000,PLEARN-v1.2.36,3.1.7,2021-07-09,v1.2.36,passed_qc,scorpio call: Alt alleles 12; Ref alleles 0; Amb alleles 1; Oth alleles 0
U3148,Consensus_U3148.consensus_threshold_0.75_quality_20,B.1.617.2,0.0,0.996591877307583,Delta (B.1.617.2-like),0.769200,0.000000,PLEARN-v1.2.36,3.1.7,2021-07-09,v1.2.36,passed_qc,scorpio call: Alt alleles 10; Ref alleles 0; Amb alleles 3; Oth alleles 0
U3149,Consensus_U3149.consensus_threshold_0.75_quality_20,B.1.617.2,0.0,0.9999595632834614,Delta (B.1.617.2-like),0.923100,0.000000,PLEARN-v1.2.36,3.1.7,2021-07-09,v1.2.36,passed_qc,scorpio call: Alt alleles 12; Ref alleles 0; Amb alleles 1; Oth alleles 0; scorpio replaced lineage assignment AY.1
U3150,Consensus_U3150.consensus_threshold_0.75_quality_20,B.1.617.2,0.0,0.9999595632834614,Delta (B.1.617.2-like),0.923100,0.000000,PLEARN-v1.2.36,3.1.7,2021-07-09,v1.2.36,passed_qc,scorpio call: Alt alleles 12; Ref alleles 0; Amb alleles 1; Oth alleles 0
U3151,Consensus_U3151.consensus_threshold_0.75_quality_20,B.1.617.2,0.0,1.0,Delta (B.1.617.2-like),0.923100,0.076900,PLEARN-v1.2.36,3.1.7,2021-07-09,v1.2.36,passed_qc,scorpio call: Alt alleles 12; Ref alleles 1; Amb alleles 0; Oth alleles 0
U3152,Consensus_U3152.consensus_threshold_0.75_quality_20,B.1.617.2,0.0,1.0,Delta (B.1.617.2-like),0.923100,0.076900,PLEARN-v1.2.36,3.1.7,2021-07-09,v1.2.36,passed_qc,scorpio call: Alt alleles 12; Ref alleles 1; Amb alleles 0; Oth alleles 0
U3153,Consensus_U3153.consensus_threshold_0.75_quality_20,B.1.617.2,0.0,0.9920935729714309,Delta (B.1.617.2-like),0.769200,0.076900,PLEARN-v1.2.36,3.1.7,2021-07-09,v1.2.36,passed_qc,scorpio call: Alt alleles 10; Ref alleles 1; Amb alleles 2; Oth alleles 0
U3154,Consensus_U3154.consensus_threshold_0.75_quality_20,B.1.617.2,0.0,0.9999595632834614,Delta (B.1.617.2-like),0.923100,0.000000,PLEARN-v1.2.36,3.1.7,2021-07-09,v1.2.36,passed_qc,scorpio call: Alt alleles 12; Ref alleles 0; Amb alleles 1; Oth alleles 0
U3155,Consensus_U3155.consensus_threshold_0.75_quality_20,B.1.617.2,0.0,0.9999595632834614,Delta (B.1.617.2-like),0.923100,0.000000,PLEARN-v1.2.36,3.1.7,2021-07-09,v1.2.36,passed_qc,scorpio call: Alt alleles 12; Ref alleles 0; Amb alleles 1; Oth alleles 0
U3156,Consensus_U3156.consensus_threshold_0.75_quality_20,B.1.617.2,0.0,0.9999595632834614,Delta (B.1.617.2-like),0.923100,0.000000,PLEARN-v1.2.36,3.1.7,2021-07-09,v1.2.36,passed_qc,scorpio call: Alt alleles 12; Ref alleles 0; Amb alleles 1; Oth alleles 0
U3157,Consensus_U3157.consensus_threshold_0.75_quality_20,B.1.617.2,0.0,0.9999595632834614,Delta (B.1.617.2-like),0.923100,0.000000,PLEARN-v1.2.36,3.1.7,2021-07-09,v1.2.36,passed_qc,scorpio call: Alt alleles 12; Ref alleles 0; Amb alleles 1; Oth alleles 0
U3158,Consensus_U3158.consensus_threshold_0.75_quality_20,B.1.617.2,0.0,0.9999595632834614,Delta (B.1.617.2-like),0.923100,0.000000,PLEARN-v1.2.36,3.1.7,2021-07-09,v1.2.36,passed_qc,scorpio call: Alt alleles 12; Ref alleles 0; Amb alleles 1; Oth alleles 0
U3159,Consensus_U3159.consensus_threshold_0.75_quality_20,B.1.617.2,0.0,0.9999595632834614,Delta (B.1.617.2-like),0.846200,0.076900,PLEARN-v1.2.36,3.1.7,2021-07-09,v1.2.36,passed_qc,scorpio call: Alt alleles 11; Ref alleles 1; Amb alleles 0; Oth alleles 1
U3160,Consensus_U3160.consensus_threshold_0.75_quality_20,B.1.617.2,0.0,0.9998786800388224,Delta (B.1.617.2-like),0.846200,0.076900,PLEARN-v1.2.36,3.1.7,2021-07-09,v1.2.36,passed_qc,scorpio call: Alt alleles 11; Ref alleles 1; Amb alleles 0; Oth alleles 1
U3161,Consensus_U3161.consensus_threshold_0.75_quality_20,B.1.617.2,0.0,1.0,Delta (B.1.617.2-like),0.923100,0.076900,PLEARN-v1.2.36,3.1.7,2021-07-09,v1.2.36,passed_qc,scorpio call: Alt alleles 12; Ref alleles 1; Amb alleles 0; Oth alleles 0
U3162,Consensus_U3162.consensus_threshold_0.75_quality_20,B.1.617.2,0.0,0.9999595632834614,Delta (B.1.617.2-like),0.923100,0.000000,PLEARN-v1.2.36,3.1.7,2021-07-09,v1.2.36,passed_qc,scorpio call: Alt alleles 12; Ref alleles 0; Amb alleles 1; Oth alleles 0
U3163,Consensus_U3163.consensus_threshold_0.75_quality_20,B.1.617.2,0.0,0.9999595632834614,Delta (B.1.617.2-like),0.923100,0.000000,PLEARN-v1.2.36,3.1.7,2021-07-09,v1.2.36,passed_qc,scorpio call: Alt alleles 12; Ref alleles 0; Amb alleles 1; Oth alleles 0
U3164,Consensus_U3164.consensus_threshold_0.75_quality_20,B.1.617.2,0.0,1.0,Delta (B.1.617.2-like),1.000000,0.000000,PLEARN-v1.2.36,3.1.7,2021-07-09,v1.2.36,passed_qc,scorpio call: Alt alleles 13; Ref alleles 0; Amb alleles 0; Oth alleles 0
U3165,Consensus_U3165.consensus_threshold_0.75_quality_20,B.1.617.2,0.0,1.0,Delta (B.1.617.2-like),0.923100,0.076900,PLEARN-v1.2.36,3.1.7,2021-07-09,v1.2.36,passed_qc,scorpio call: Alt alleles 12; Ref alleles 1; Amb alleles 0; Oth alleles 0
U3166,Consensus_U3166.consensus_threshold_0.75_quality_20,B.1.617.2,0.0,0.9996764146745946,Delta (B.1.617.2-like),0.923100,0.000000,PLEARN-v1.2.36,3.1.7,2021-07-09,v1.2.36,passed_qc,scorpio call: Alt alleles 12; Ref alleles 0; Amb alleles 1; Oth alleles 0
U3167,Consensus_U3167.consensus_threshold_0.75_quality_20,B.1.617.2,0.0,0.9999595632834614,Delta (B.1.617.2-like),0.846200,0.076900,PLEARN-v1.2.36,3.1.7,2021-07-09,v1.2.36,passed_qc,scorpio call: Alt alleles 11; Ref alleles 1; Amb alleles 0; Oth alleles 1
U3168,Consensus_U3168.consensus_threshold_0.75_quality_20,B.1.617.2,0.0,0.9999595632834614,Delta (B.1.617.2-like),0.923100,0.076900,PLEARN-v1.2.36,3.1.7,2021-07-09,v1.2.36,passed_qc,scorpio call: Alt alleles 12; Ref alleles 1; Amb alleles 0; Oth alleles 0
U3169,Consensus_U3169.consensus_threshold_0.75_quality_20,B.1.617.2,0.0,1.0,Delta (B.1.617.2-like),0.923100,0.076900,PLEARN-v1.2.36,3.1.7,2021-07-09,v1.2.36,passed_qc,scorpio call: Alt alleles 12; Ref alleles 1; Amb alleles 0; Oth alleles 0
U3170,Consensus_U3170.consensus_threshold_0.75_quality_20,B.1.617.2,0.0,0.9999595632834614,Delta (B.1.617.2-like),0.923100,0.000000,PLEARN-v1.2.36,3.1.7,2021-07-09,v1.2.36,passed_qc,scorpio call: Alt alleles 12; Ref alleles 0; Amb alleles 1; Oth alleles 0
U3171,Consensus_U3171.consensus_threshold_0.75_quality_20,B.1.617.2,0.0,0.8172644667623147,Delta (B.1.617.2-like),0.615400,0.076900,PLEARN-v1.2.36,3.1.7,2021-07-09,v1.2.36,passed_qc,scorpio call: Alt alleles 8; Ref alleles 1; Amb alleles 3; Oth alleles 1
U3172,Consensus_U3172.consensus_threshold_0.75_quality_20,B.1,0.0,0.6927956023045616,,,,PLEARN-v1.2.36,3.1.7,2021-07-09,v1.2.36,passed_qc,
U3173,Consensus_U3173.consensus_threshold_0.75_quality_20,B.1.617.2,0.0,0.9999595632834614,Delta (B.1.617.2-like),0.923100,0.000000,PLEARN-v1.2.36,3.1.7,2021-07-09,v1.2.36,passed_qc,scorpio call: Alt alleles 12; Ref alleles 0; Amb alleles 1; Oth alleles 0
U3174,Consensus_U3174.consensus_threshold_0.75_quality_20,B.1.617.2,0.0,0.7959591041869523,Delta (B.1.617.2-like),0.461500,0.153800,PLEARN-v1.2.36,3.1.7,2021-07-09,v1.2.36,passed_qc,scorpio call: Alt alleles 6; Ref alleles 2; Amb alleles 5; Oth alleles 0; scorpio replaced lineage assignment B.1.623
U3175,Consensus_U3175.consensus_threshold_0.75_quality_20,B.1.617.2,0.0,0.9215036413588592,Delta (B.1.617.2-like),0.769200,0.076900,PLEARN-v1.2.36,3.1.7,2021-07-09,v1.2.36,passed_qc,scorpio call: Alt alleles 10; Ref alleles 1; Amb alleles 2; Oth alleles 0
U3176,Consensus_U3176.consensus_threshold_0.75_quality_20,B.1.617.2,0.0,0.8048037889039242,Delta (B.1.617.2-like),0.615400,0.153800,PLEARN-v1.2.36,3.1.7,2021-07-09,v1.2.36,passed_qc,scorpio call: Alt alleles 8; Ref alleles 2; Amb alleles 3; Oth alleles 0
U3177,Consensus_U3177.consensus_threshold_0.75_quality_20,B.1.617.2,0.0,0.9685962131954291,Delta (B.1.617.2-like),0.692300,0.076900,PLEARN-v1.2.36,3.1.7,2021-07-09,v1.2.36,passed_qc,scorpio call: Alt alleles 9; Ref alleles 1; Amb alleles 2; Oth alleles 1
U3178,Consensus_U3178.consensus_threshold_0.75_quality_20,B.1.617.2,0.0,0.7232318017552917,Delta (B.1.617.2-like),0.461500,0.153800,PLEARN-v1.2.36,3.1.7,2021-07-09,v1.2.36,passed_qc,scorpio call: Alt alleles 6; Ref alleles 2; Amb alleles 5; Oth alleles 0
U3179,Consensus_U3179.consensus_threshold_0.75_quality_20,B.1.617.2,0.0,0.8103804896820433,Delta (B.1.617.2-like),0.461500,0.153800,PLEARN-v1.2.36,3.1.7,2021-07-09,v1.2.36,passed_qc,scorpio call: Alt alleles 6; Ref alleles 2; Amb alleles 5; Oth alleles 0; scorpio replaced lineage assignment B.1
U3180,Consensus_U3180.consensus_threshold_0.75_quality_20,B.1.617.2,0.0,0.9998786800388224,Delta (B.1.617.2-like),0.923100,0.076900,PLEARN-v1.2.36,3.1.7,2021-07-09,v1.2.36,passed_qc,scorpio call: Alt alleles 12; Ref alleles 1; Amb alleles 0; Oth alleles 0
U3181,Consensus_U3181.consensus_threshold_0.75_quality_20,B.1.617.2,0.0,0.9987449392712551,Delta (B.1.617.2-like),0.923100,0.000000,PLEARN-v1.2.36,3.1.7,2021-07-09,v1.2.36,passed_qc,scorpio call: Alt alleles 12; Ref alleles 0; Amb alleles 1; Oth alleles 0
U3182,Consensus_U3182.consensus_threshold_0.75_quality_20,B.1.617.2,0.0,0.9999595632834614,Delta (B.1.617.2-like),0.923100,0.000000,PLEARN-v1.2.36,3.1.7,2021-07-09,v1.2.36,passed_qc,scorpio call: Alt alleles 12; Ref alleles 0; Amb alleles 1; Oth alleles 0
U3183,Consensus_U3183.consensus_threshold_0.75_quality_20,B.1.617.2,0.0,0.9768317405154938,Delta (B.1.617.2-like),0.692300,0.076900,PLEARN-v1.2.36,3.1.7,2021-07-09,v1.2.36,passed_qc,scorpio call: Alt alleles 9; Ref alleles 1; Amb alleles 2; Oth alleles 1
U3184,Consensus_U3184.consensus_threshold_0.75_quality_20,B.1.617.2,0.0,0.7960177206562484,Delta (B.1.617.2-like),0.538500,0.000000,PLEARN-v1.2.36,3.1.7,2021-07-09,v1.2.36,passed_qc,scorpio call: Alt alleles 7; Ref alleles 0; Amb alleles 5; Oth alleles 1
U3185,Consensus_U3185.consensus_threshold_0.75_quality_20,B.1.617.2,0.0,0.9708281315022889,Delta (B.1.617.2-like),0.692300,0.076900,PLEARN-v1.2.36,3.1.7,2021-07-09,v1.2.36,passed_qc,scorpio call: Alt alleles 9; Ref alleles 1; Amb alleles 2; Oth alleles 1
U3186,Consensus_U3186.consensus_threshold_0.75_quality_20,B.1.617.2,0.0,0.7638826410756235,Delta (B.1.617.2-like),0.384600,0.076900,PLEARN-v1.2.36,3.1.7,2021-07-09,v1.2.36,passed_qc,scorpio call: Alt alleles 5; Ref alleles 1; Amb alleles 6; Oth alleles 1; scorpio replaced lineage assignment B.1
U3187,Consensus_U3187.consensus_threshold_0.75_quality_20,B.1.617.2,0.0,0.9999191232965344,Delta (B.1.617.2-like),0.923100,0.000000,PLEARN-v1.2.36,3.1.7,2021-07-09,v1.2.36,passed_qc,scorpio call: Alt alleles 12; Ref alleles 0; Amb alleles 1; Oth alleles 0
U3188,Consensus_U3188.consensus_threshold_0.75_quality_20,B.1.617.2,0.0,0.9999595632834614,Delta (B.1.617.2-like),0.923100,0.000000,PLEARN-v1.2.36,3.1.7,2021-07-09,v1.2.36,passed_qc,scorpio call: Alt alleles 12; Ref alleles 0; Amb alleles 1; Oth alleles 0
U3189,Consensus_U3189.consensus_threshold_0.75_quality_20,B.1.617.2,0.0,0.997933549432739,Delta (B.1.617.2-like),0.846200,0.000000,PLEARN-v1.2.36,3.1.7,2021-07-09,v1.2.36,passed_qc,scorpio call: Alt alleles 11; Ref alleles 0; Amb alleles 2; Oth alleles 0
U3190,Consensus_U3190.consensus_threshold_0.75_quality_20,B.1.617.2,0.0,0.9999595632834614,Delta (B.1.617.2-like),0.923100,0.000000,PLEARN-v1.2.36,3.1.7,2021-07-09,v1.2.36,passed_qc,scorpio call: Alt alleles 12; Ref alleles 0; Amb alleles 1; Oth alleles 0
U3191,Consensus_U3191.consensus_threshold_0.75_quality_20,B.1.617.2,0.0,0.962321151344774,Delta (B.1.617.2-like),0.692300,0.076900,PLEARN-v1.2.36,3.1.7,2021-07-09,v1.2.36,passed_qc,scorpio call: Alt alleles 9; Ref alleles 1; Amb alleles 2; Oth alleles 1
U3192,Consensus_U3192.consensus_threshold_0.75_quality_20,P.1.2,0.0,0.9997573306370071,Gamma (P.1-like),0.875000,0.000000,PLEARN-v1.2.36,3.1.7,2021-07-09,v1.2.36,passed_qc,scorpio call: Alt alleles 14; Ref alleles 0; Amb alleles 0; Oth alleles 2
U3193,Consensus_U3193.consensus_threshold_0.75_quality_20,B.1.617.2,0.0,0.9999595632834614,Delta (B.1.617.2-like),0.846200,0.076900,PLEARN-v1.2.36,3.1.7,2021-07-09,v1.2.36,passed_qc,scorpio call: Alt alleles 11; Ref alleles 1; Amb alleles 0; Oth alleles 1
U3194,Consensus_U3194.consensus_threshold_0.75_quality_20,B.1.617.2,0.0,0.8545690333935436,Delta (B.1.617.2-like),0.461500,0.000000,PLEARN-v1.2.36,3.1.7,2021-07-09,v1.2.36,passed_qc,scorpio call: Alt alleles 6; Ref alleles 0; Amb alleles 6; Oth alleles 1
U3195,Consensus_U3195.consensus_threshold_0.75_quality_20,B.1.617.2,0.0,0.9765353418308227,Delta (B.1.617.2-like),0.769200,0.076900,PLEARN-v1.2.36,3.1.7,2021-07-09,v1.2.36,passed_qc,scorpio call: Alt alleles 10; Ref alleles 1; Amb alleles 2; Oth alleles 0
U3196,Consensus_U3196.consensus_threshold_0.75_quality_20,B.1.617.2,0.0,1.0,Delta (B.1.617.2-like),0.923100,0.076900,PLEARN-v1.2.36,3.1.7,2021-07-09,v1.2.36,passed_qc,scorpio call: Alt alleles 12; Ref alleles 1; Amb alleles 0; Oth alleles 0
U3197,Consensus_U3197.consensus_threshold_0.75_quality_20,B.1.617.2,0.0,0.9865174985656914,Delta (B.1.617.2-like),0.769200,0.076900,PLEARN-v1.2.36,3.1.7,2021-07-09,v1.2.36,passed_qc,scorpio call: Alt alleles 10; Ref alleles 1; Amb alleles 2; Oth alleles 0
U3198,Consensus_U3198.consensus_threshold_0.75_quality_20,B.1.617.2,0.0,0.9999595632834614,Delta (B.1.617.2-like),0.923100,0.000000,PLEARN-v1.2.36,3.1.7,2021-07-09,v1.2.36,passed_qc,scorpio call: Alt alleles 12; Ref alleles 0; Amb alleles 1; Oth alleles 0
U3199,Consensus_U3199.consensus_threshold_0.75_quality_20,B.1.617.2,0.0,0.9915181666190923,Delta (B.1.617.2-like),0.769200,0.076900,PLEARN-v1.2.36,3.1.7,2021-07-09,v1.2.36,passed_qc,scorpio call: Alt alleles 10; Ref alleles 1; Amb alleles 2; Oth alleles 0
U3200,Consensus_U3200.consensus_threshold_0.75_quality_20,B.1.617.2,0.0,0.9999595632834614,Delta (B.1.617.2-like),0.923100,0.000000,PLEARN-v1.2.36,3.1.7,2021-07-09,v1.2.36,passed_qc,scorpio call: Alt alleles 12; Ref alleles 0; Amb alleles 1; Oth alleles 0
U3201,Consensus_U3201.consensus_threshold_0.75_quality_20,B.1.617.2,0.0,1.0,Delta (B.1.617.2-like),0.923100,0.076900,PLEARN-v1.2.36,3.1.7,2021-07-09,v1.2.36,passed_qc,scorpio call: Alt alleles 12; Ref alleles 1; Amb alleles 0; Oth alleles 0
U3202,Consensus_U3202.consensus_threshold_0.75_quality_20,B.1.617.2,0.0,0.9999191232965344,Delta (B.1.617.2-like),0.923100,0.000000,PLEARN-v1.2.36,3.1.7,2021-07-09,v1.2.36,passed_qc,scorpio call: Alt alleles 12; Ref alleles 0; Amb alleles 1; Oth alleles 0
U3203,Consensus_U3203.consensus_threshold_0.75_quality_20,B.1.617.2,0.0,0.9999595632834614,Delta (B.1.617.2-like),0.923100,0.000000,PLEARN-v1.2.36,3.1.7,2021-07-09,v1.2.36,passed_qc,scorpio call: Alt alleles 12; Ref alleles 0; Amb alleles 1; Oth alleles 0
U3204,Consensus_U3204.consensus_threshold_0.75_quality_20,B.1.617.2,0.0,0.9999191232965344,Delta (B.1.617.2-like),0.923100,0.000000,PLEARN-v1.2.36,3.1.7,2021-07-09,v1.2.36,passed_qc,scorpio call: Alt alleles 12; Ref alleles 0; Amb alleles 1; Oth alleles 0
U3205,Consensus_U3205.consensus_threshold_0.75_quality_20,B.1.617.2,0.0,0.9999595632834614,Delta (B.1.617.2-like),0.923100,0.000000,PLEARN-v1.2.36,3.1.7,2021-07-09,v1.2.36,passed_qc,scorpio call: Alt alleles 12; Ref alleles 0; Amb alleles 1; Oth alleles 0
U3206,Consensus_U3206.consensus_threshold_0.75_quality_20,B.1.617.2,0.0,0.9999595632834614,Delta (B.1.617.2-like),0.923100,0.000000,PLEARN-v1.2.36,3.1.7,2021-07-09,v1.2.36,passed_qc,scorpio call: Alt alleles 12; Ref alleles 0; Amb alleles 1; Oth alleles 0
U3207,Consensus_U3207.consensus_threshold_0.75_quality_20,B.1.617.2,0.0,0.9998382335099284,Delta (B.1.617.2-like),1.000000,0.000000,PLEARN-v1.2.36,3.1.7,2021-07-09,v1.2.36,passed_qc,scorpio call: Alt alleles 13; Ref alleles 0; Amb alleles 0; Oth alleles 0
U3208,Consensus_U3208.consensus_threshold_0.75_quality_20,B.1.617.2,0.0,0.9999191232965344,Delta (B.1.617.2-like),0.923100,0.000000,PLEARN-v1.2.36,3.1.7,2021-07-09,v1.2.36,passed_qc,scorpio call: Alt alleles 12; Ref alleles 0; Amb alleles 1; Oth alleles 0
U3209,Consensus_U3209.consensus_threshold_0.75_quality_20,B.1.1.7,0.0,0.9908597543558983,Alpha (B.1.1.7-like),0.869600,0.043500,PLEARN-v1.2.36,3.1.7,2021-07-09,v1.2.36,passed_qc,scorpio call: Alt alleles 20; Ref alleles 1; Amb alleles 2; Oth alleles 0
U3210,Consensus_U3210.consensus_threshold_0.75_quality_20,B.1.617.2,0.0,0.9957769927315548,Delta (B.1.617.2-like),0.769200,0.000000,PLEARN-v1.2.36,3.1.7,2021-07-09,v1.2.36,passed_qc,scorpio call: Alt alleles 10; Ref alleles 0; Amb alleles 3; Oth alleles 0
U3211,Consensus_U3211.consensus_threshold_0.75_quality_20,B.1.617.2,0.0,0.9999595632834614,Delta (B.1.617.2-like),0.923100,0.000000,PLEARN-v1.2.36,3.1.7,2021-07-09,v1.2.36,passed_qc,scorpio call: Alt alleles 12; Ref alleles 0; Amb alleles 1; Oth alleles 0
U3212,Consensus_U3212.consensus_threshold_0.75_quality_20,B.1.617.2,0.0,0.9999595632834614,Delta (B.1.617.2-like),0.923100,0.000000,PLEARN-v1.2.36,3.1.7,2021-07-09,v1.2.36,passed_qc,scorpio call: Alt alleles 12; Ref alleles 0; Amb alleles 1; Oth alleles 0
U3213,Consensus_U3213.consensus_threshold_0.75_quality_20,B.1.617.2,0.0,0.9999595632834614,Delta (B.1.617.2-like),0.923100,0.000000,PLEARN-v1.2.36,3.1.7,2021-07-09,v1.2.36,passed_qc,scorpio call: Alt alleles 12; Ref alleles 0; Amb alleles 1; Oth alleles 0
U3214,Consensus_U3214.consensus_threshold_0.75_quality_20,B.1.617.2,0.0,0.9967953918546163,Delta (B.1.617.2-like),0.923100,0.076900,PLEARN-v1.2.36,3.1.7,2021-07-09,v1.2.36,passed_qc,scorpio call: Alt alleles 12; Ref alleles 1; Amb alleles 0; Oth alleles 0
U3215,Consensus_U3215.consensus_threshold_0.75_quality_20,B.1.617.2,0.0,0.992134648300595,Delta (B.1.617.2-like),0.846200,0.000000,PLEARN-v1.2.36,3.1.7,2021-07-09,v1.2.36,passed_qc,scorpio call: Alt alleles 11; Ref alleles 0; Amb alleles 2; Oth alleles 0
U3216,Consensus_U3216.consensus_threshold_0.75_quality_20,B.1.617.2,0.0,0.9999191232965344,Delta (B.1.617.2-like),0.923100,0.000000,PLEARN-v1.2.36,3.1.7,2021-07-09,v1.2.36,passed_qc,scorpio call: Alt alleles 12; Ref alleles 0; Amb alleles 1; Oth alleles 0
U3217,Consensus_U3217.consensus_threshold_0.75_quality_20,B.1.617.2,0.0,0.9994740674811878,Delta (B.1.617.2-like),0.846200,0.076900,PLEARN-v1.2.36,3.1.7,2021-07-09,v1.2.36,passed_qc,scorpio call: Alt alleles 11; Ref alleles 1; Amb alleles 1; Oth alleles 0
U3218,Consensus_U3218.consensus_threshold_0.75_quality_20,B.1.617.2,0.0,0.9993526198664778,Delta (B.1.617.2-like),0.846200,0.000000,PLEARN-v1.2.36,3.1.7,2021-07-09,v1.2.36,passed_qc,scorpio call: Alt alleles 11; Ref alleles 0; Amb alleles 2; Oth alleles 0
U3219,Consensus_U3219.consensus_threshold_0.75_quality_20,B.1.617.2,0.0,0.9999595632834614,Delta (B.1.617.2-like),0.923100,0.000000,PLEARN-v1.2.36,3.1.7,2021-07-09,v1.2.36,passed_qc,scorpio call: Alt alleles 12; Ref alleles 0; Amb alleles 1; Oth alleles 0
U3220,Consensus_U3220.consensus_threshold_0.75_quality_20,B.1.617.2,0.0,0.9999595632834614,Delta (B.1.617.2-like),0.923100,0.000000,PLEARN-v1.2.36,3.1.7,2021-07-09,v1.2.36,passed_qc,scorpio call: Alt alleles 12; Ref alleles 0; Amb alleles 1; Oth alleles 0
U3221,Consensus_U3221.consensus_threshold_0.75_quality_20,B.1.617.2,0.0,0.9999595632834614,Delta (B.1.617.2-like),0.923100,0.000000,PLEARN-v1.2.36,3.1.7,2021-07-09,v1.2.36,passed_qc,scorpio call: Alt alleles 12; Ref alleles 0; Amb alleles 1; Oth alleles 0
U3222,Consensus_U3222.consensus_threshold_0.75_quality_20,B.1.617.2,0.0,0.9999595632834614,Delta (B.1.617.2-like),0.923100,0.000000,PLEARN-v1.2.36,3.1.7,2021-07-09,v1.2.36,passed_qc,scorpio call: Alt alleles 12; Ref alleles 0; Amb alleles 1; Oth alleles 0
U3223,Consensus_U3223.consensus_threshold_0.75_quality_20,B.1.617.2,0.0,0.9940205011389521,Delta (B.1.617.2-like),0.769200,0.076900,PLEARN-v1.2.36,3.1.7,2021-07-09,v1.2.36,passed_qc,scorpio call: Alt alleles 10; Ref alleles 1; Amb alleles 2; Oth alleles 0
U3224,Consensus_U3224.consensus_threshold_0.75_quality_20,B.1.617.2,0.0,0.9999595632834614,Delta (B.1.617.2-like),0.923100,0.000000,PLEARN-v1.2.36,3.1.7,2021-07-09,v1.2.36,passed_qc,scorpio call: Alt alleles 12; Ref alleles 0; Amb alleles 1; Oth alleles 0
U3225,Consensus_U3225.consensus_threshold_0.75_quality_20,B.1.617.2,0.0,0.9999595632834614,Delta (B.1.617.2-like),0.923100,0.000000,PLEARN-v1.2.36,3.1.7,2021-07-09,v1.2.36,passed_qc,scorpio call: Alt alleles 12; Ref alleles 0; Amb alleles 1; Oth alleles 0
U3226,Consensus_U3226.consensus_threshold_0.75_quality_20,B.1.617.2,0.0,0.9999191232965344,Delta (B.1.617.2-like),0.923100,0.000000,PLEARN-v1.2.36,3.1.7,2021-07-09,v1.2.36,passed_qc,scorpio call: Alt alleles 12; Ref alleles 0; Amb alleles 1; Oth alleles 0
